hs4,product_name_short,product_name_short_es,translation_status,translation_source,notes
0101,Horses,Equinos vivos,manual_validated,cordoba_curado,
0102,Bovine,Animales bovinos vivos,manual_validated,cordoba_curado,
0103,Swine,Porcinos vivos,manual_validated,cordoba_curado,
0104,Sheep,Ovinos / caprinos vivos,manual_validated,cordoba_curado,
0105,Fowl,Aves de corral vivas,manual_validated,cordoba_curado,
0106,Other live animals,Otros animales vivos,manual_validated,cordoba_curado,
0201,Beef,Carne bovina fresca/refrigerada,manual_validated,cordoba_curado,
0202,Beef (frozen),Carne bovina congelada,manual_validated,cordoba_curado,
0203,Pork,Carne porcina,manual_validated,cordoba_curado,
0204,Lamb,Carne ovina/caprina,manual_validated,cordoba_curado,
0205,Horse meat,Carne de equino,manual_validated,cordoba_curado,
0206,Edible offal,Despojos comestibles bovinos,manual_validated,cordoba_curado,
0207,Poultry,Carne de ave,manual_validated,cordoba_curado,
0208,Other meat,Otras carnes,pending_manual_validation,ecu_previo,
0209,Pig and poultry fat,Tocino / grasa de cerdo / aves,manual_validated,cordoba_curado,
0210,Preserved meat,Carnes saladas / ahumadas,manual_validated,cordoba_curado,
0301,Live Fish,Peces vivos,manual_validated,cordoba_curado,
0302,"Fish, excluding fillets",Pescado fresco (sin filetes),manual_validated,cordoba_curado,
0303,"Frozen fish, excluding fillets",Pescado congelado (sin filetes),manual_validated,cordoba_curado,
0304,Fish fillets,Filetes de pescado,pending_manual_validation,ecu_previo,
0305,Preserved fish,Pescado seco / salado / ahumado,manual_validated,cordoba_curado,
0306,Crustaceans,Crustáceos,manual_validated,cordoba_curado,
0307,Molluscs,Moluscos e invertebrados acuáticos,manual_validated,revision_partida_general,renombrado a la cláusula general de la partida
0401,Milk,Leche fluida,manual_validated,cordoba_curado,
0402,"Milk, concentrated",Leche en polvo / concentrada,manual_validated,cordoba_curado,
0403,Fermented milk products,Leches fermentadas y yogur,manual_validated,revision_partida_general,renombrado a la cláusula general de la partida
0404,Whey,Lactosuero y componentes de la leche,manual_validated,revision_partida_general,renombrado a la cláusula general de la partida
0405,Butter,Manteca,manual_validated,cordoba_curado,
0406,Cheese,Quesos,manual_validated,cordoba_curado,
0407,"Eggs, in shell",Huevos con cáscara,manual_validated,cordoba_curado,
0408,Egg yolks,Yemas / huevo sin cáscara,manual_validated,cordoba_curado,
0409,Honey,Miel natural,manual_validated,cordoba_curado,
0410,"Edible animal products, n.e.c.",Productos de origen animal n.c.p.,manual_validated,cordoba_curado,
0501,"Human hair, unworked",Cabello humano (sin tratar),manual_validated,cordoba_curado,
0502,Brushmaking hair,Cerdas y pelos,manual_validated,cordoba_curado,
0503,Horsehair,Crin,pending_manual_validation,ecu_previo,
0504,"Animal guts, except fish",Tripas / vejigas animales,manual_validated,cordoba_curado,
0505,Feathers and down,Plumas / pieles de aves,manual_validated,cordoba_curado,
0506,"Bones, simply prepared",Huesos / cuernos animales,manual_validated,cordoba_curado,
0507,Whalebone & horns,"Marfil, cuernos, astas y cascos sin trabajar",manual_validated,revision_partida_general,renombrado a la cláusula general de la partida
0508,Coral and shells,Coral y conchas sin trabajar,manual_validated,revision_partida_general,renombrado a la cláusula general de la partida
0509,Sponges of animal origin,Esponjas de origen animal,pending_manual_validation,ecu_previo,
0510,Animal products used in pharmaceuticals,Glándulas y productos animales para farmacia,manual_validated,revision_partida_general,renombrado a la cláusula general de la partida
0511,Animal products n.e.c.,Otros productos animales n.c.p.,manual_validated,cordoba_curado,
0601,Flower bulbs,Bulbos / tubérculos,manual_validated,cordoba_curado,
0602,Other live plants,Plantas vivas,manual_validated,cordoba_curado,
0603,Cut flowers,Flores cortadas,manual_validated,cordoba_curado,
0604,Other parts of plants,Follaje cortado,manual_validated,cordoba_curado,
0701,Potatoes,Papas,manual_validated,cordoba_curado,
0702,Tomatoes,Tomates,manual_validated,cordoba_curado,
0703,"Onions, shallots, garlic",Cebollas / ajos,manual_validated,cordoba_curado,
0704,"Cabbages, cauliflowers, broccoli",Coles / repollos,manual_validated,cordoba_curado,
0705,Lettuce,Lechuga,manual_validated,cordoba_curado,
0706,Carrots & turnips,Zanahorias / nabos,manual_validated,cordoba_curado,
0707,Cucumbers,Pepinos,manual_validated,cordoba_curado,
0708,Legumes,Legumbres frescas,manual_validated,cordoba_curado,
0709,Other vegetables,Otras hortalizas frescas,manual_validated,cordoba_curado,
0710,Frozen vegetables,Hortalizas congeladas,manual_validated,cordoba_curado,
0711,"Vegetables, provisionally preserved",Hortalizas preservadas provisionalmente,manual_validated,cordoba_curado,
0712,"Vegetables, dried",Hortalizas secas,manual_validated,cordoba_curado,
0713,"Legumes, dried",Legumbres secas,manual_validated,cordoba_curado,
0714,Tubers,"Yuca, camote y raíces con alto almidón",manual_validated,revision_partida_general,renombrado a la cláusula general de la partida
0801,Cashew nuts & coconuts,Coco / nuez de Brasil / castaña de cajú,manual_validated,cordoba_curado,
0802,Other nuts,Frutos secos,manual_validated,cordoba_curado,
0803,Bananas and plantains,Bananas,manual_validated,cordoba_curado,
0804,"Avocados, pineapples, mangos, etc.",Paltas / ananá / mango,manual_validated,cordoba_curado,
0805,Citrus fruit,Cítricos,manual_validated,cordoba_curado,
0806,Grapes,Uvas / pasas,manual_validated,cordoba_curado,
0807,Melons and papayas,Melones / sandías,manual_validated,cordoba_curado,
0808,Apples & pears,Manzanas / peras,manual_validated,cordoba_curado,
0809,Peaches & cherries,Frutas de carozo,manual_validated,cordoba_curado,
0810,Other fresh fruit,Frutillas / arándanos / frutas finas,manual_validated,cordoba_curado,
0811,"Fruits and nuts, frozen",Frutas congeladas,manual_validated,cordoba_curado,
0812,"Fruits and nuts, provisionally preserved",Frutas preservadas provisionalmente,manual_validated,cordoba_curado,
0813,"Fruits, dried",Frutas secas / pasas,manual_validated,cordoba_curado,
0814,Peel of citrus fruit or melons,Cortezas de cítricos / melones,manual_validated,cordoba_curado,
0901,Coffee,Café,manual_validated,cordoba_curado,
0902,Tea,Té,manual_validated,cordoba_curado,
0903,Mate,Yerba mate,manual_validated,cordoba_curado,
0904,Pepper,Pimienta y pimentón,manual_validated,cordoba_ajustado_ecu,
0905,Vanilla,Vainilla,manual_validated,cordoba_curado,
0906,Cinnamon,Canela,manual_validated,cordoba_curado,
0907,Cloves,Clavo de olor,manual_validated,cordoba_curado,
0908,Nutmeg,Nuez moscada / macis,manual_validated,cordoba_curado,
0909,"Anise, fennel, etc.",Coriandro / anís,manual_validated,cordoba_curado,
0910,Spices,"Especias (azafrán, orégano)",manual_validated,cordoba_curado,
1001,Wheat and meslin,Trigo,manual_validated,cordoba_curado,
1002,Rye,Centeno,manual_validated,cordoba_curado,
1003,Barley,Cebada,manual_validated,cordoba_curado,
1004,Oats,Avena,manual_validated,cordoba_curado,
1005,Corn,Maíz,manual_validated,cordoba_curado,
1006,Rice,Arroz,manual_validated,cordoba_curado,
1007,Grain sorghum,Sorgo,manual_validated,cordoba_curado,
1008,Other cereals,Mijo / alpiste,manual_validated,cordoba_curado,
1101,Wheat or meslin flour,Harina de trigo,manual_validated,cordoba_curado,
1102,Cereal flours,Harina de cereales (no trigo),manual_validated,cordoba_curado,
1103,Cereal meals,Sémolas / grañones,manual_validated,cordoba_curado,
1104,Worked cereal grains,Granos de cereales trabajados,manual_validated,cordoba_curado,
1105,Potato flour,Harina / copos de papa,manual_validated,cordoba_curado,
1106,Flour of dried legumes,"Harinas de legumbres, raíces y frutas",manual_validated,revision_partida_general,renombrado a la cláusula general de la partida
1107,Malt,Malta,manual_validated,cordoba_curado,
1108,Starches,Almidones,manual_validated,cordoba_curado,
1109,Wheat gluten,Gluten de trigo,manual_validated,cordoba_curado,
1201,Soya beans,Soja (poroto),manual_validated,cordoba_curado,
1202,Peanuts,Maní,manual_validated,cordoba_curado,
1203,Copra,Copra (coco seco),manual_validated,cordoba_curado,
1204,Linseed,Lino,manual_validated,cordoba_curado,
1205,Rape or colza seeds,Colza / canola,manual_validated,cordoba_curado,
1206,Sunflower seeds,Girasol (semilla),manual_validated,cordoba_curado,
1207,Other oil seeds,Otras semillas oleaginosas,manual_validated,cordoba_curado,
1208,Flours of oil seeds,Harina de oleaginosas,manual_validated,cordoba_curado,
1209,Seeds used for sowing,Semillas para siembra,manual_validated,cordoba_curado,
1210,Hop cones,Conos de lúpulo,manual_validated,cordoba_curado,
1211,"Plants used in perfumery, pharmacy or insecticide",Plantas medicinales / aromáticas,manual_validated,cordoba_curado,
1212,Seaweeds & edible vegetable products,"Algarroba, algas, remolacha y caña",manual_validated,revision_partida_general,renombrado a la cláusula general de la partida
1213,Cereal straw and husks,Pajas / cáscaras de cereales,manual_validated,cordoba_curado,
1214,Forage products,Alfalfa / forrajeras,manual_validated,cordoba_curado,
1301,Lac,Gomas / resinas naturales,manual_validated,cordoba_curado,
1302,Vegetable saps and extracts,"Jugos, extractos y mucílagos vegetales",manual_validated,revision_partida_general,renombrado a la cláusula general de la partida
1401,Vegetable materials used for plaiting,Material trenzable vegetal,manual_validated,cordoba_curado,
1402,Vegetable materials used as stuffing,Materias vegetales utilizadas como relleno,pending_manual_validation,ecu_previo,
1403,Vegetable materials used for brooms,Materias vegetales utilizadas para escobas,pending_manual_validation,ecu_previo,
1404,Vegetable products n.e.c.,Productos vegetales n.c.p.,manual_validated,cordoba_curado,
1501,"Pig and poultry fat, rendered",Grasa de cerdo / aves,manual_validated,cordoba_curado,
1502,"Bovine, sheep and goat fats",Sebo bovino / ovino,manual_validated,cordoba_curado,
1503,"Lard oil, tallow oil etc.",Estearina / oleomargarina,manual_validated,cordoba_curado,
1504,Fish oils,Aceites de pescado,manual_validated,cordoba_curado,
1505,Wool grease,Grasa de lana / lanolina,manual_validated,cordoba_curado,
1506,Other animal fats and oils,Otras grasas / aceites animales,manual_validated,cordoba_curado,
1507,Soybean oil,Aceite de soja,manual_validated,cordoba_curado,
1508,Peanut oil,Aceite de maní,manual_validated,cordoba_curado,
1509,Olive oil,Aceite de oliva,manual_validated,cordoba_curado,
1510,"Olive oil, blended",Otros aceites de oliva,manual_validated,cordoba_curado,
1511,Palm oil,Aceite de palma,manual_validated,cordoba_curado,
1512,Sunflower seed oil,Aceite de girasol,manual_validated,cordoba_curado,
1513,Coconut & palm kernel oil,Aceites de coco / palmiste,manual_validated,cordoba_curado,
1514,"Rapeseed, colza or mustard oil,",Aceite de colza / canola,manual_validated,cordoba_curado,
1515,Other vegetable fats and oils,Aceite de maíz,manual_validated,cordoba_curado,
1516,"Vegetable fats, hydrogenated",Grasas / aceites hidrogenados,manual_validated,cordoba_curado,
1517,Margarine,Margarina y mezclas de grasas comestibles,manual_validated,revision_partida_general,renombrado a la cláusula general de la partida
1518,"Animal or vegetable fats and oils, processed",Grasas / aceites químicamente modificados,manual_validated,cordoba_curado,
1519,Stearic acid,Ácidos grasos industriales,manual_validated,cordoba_curado,
1520,Glycerol,Glicerol,manual_validated,cordoba_curado,
1521,Vegetable waxes and beeswax,Ceras vegetales / animales,manual_validated,cordoba_curado,
1522,Degras and wax residues,Lodos / residuos grasos,manual_validated,cordoba_curado,
1601,Sausages,Embutidos / chacinados,manual_validated,cordoba_curado,
1602,Other prepared or preserved meat,Otras preparaciones de carne,manual_validated,cordoba_curado,
1603,Extracts and juices of meat or fish,Extractos de carne,manual_validated,cordoba_curado,
1604,Prepared or preserved fish,Pescado preparado / en conserva,manual_validated,cordoba_curado,
1605,Prepared aquatic invertibrates,Crustáceos / moluscos preparados,manual_validated,cordoba_curado,
1701,Sugarcane & sucrose,Azúcar,manual_validated,cordoba_curado,
1702,Other sugars,"Otros azúcares, jarabes y miel artificial",manual_validated,revision_partida_general,renombrado a la cláusula general de la partida
1703,Molasses,Melazas,manual_validated,cordoba_curado,
1704,Confectionery sugar,Confitería sin cacao,manual_validated,cordoba_curado,
1801,Cocoa beans,Cacao en grano,manual_validated,cordoba_curado,
1802,Cocoa residues,Cáscara / restos de cacao,manual_validated,cordoba_curado,
1803,Cocoa paste,Pasta de cacao,manual_validated,cordoba_curado,
1804,Cocoa butter,Manteca de cacao,manual_validated,cordoba_curado,
1805,Cocoa powder,Cacao en polvo,manual_validated,cordoba_curado,
1806,Chocolates,Chocolate / preparaciones con cacao,manual_validated,cordoba_curado,
1901,Malt extract,Extracto de malta y preparaciones de harina,manual_validated,revision_partida_general,renombrado a la cláusula general de la partida
1902,Pasta,Pastas alimenticias,manual_validated,cordoba_curado,
1903,Tapioca,Tapioca,manual_validated,cordoba_curado,
1904,Cereal foods,Cereales inflados o tostados,manual_validated,revision_partida_general,renombrado a la cláusula general de la partida
1905,Bakery products,"Pan, pasteles y galletas",manual_validated,revision_partida_general,renombrado a la cláusula general de la partida
2001,Pickled fruits and vegetables,Hortalizas en vinagre,manual_validated,cordoba_curado,
2002,"Tomatoes, prepared or preserved",Tomate procesado,manual_validated,cordoba_curado,
2003,"Mushrooms, prepared or preserved",Hongos preparados,manual_validated,cordoba_curado,
2004,"Other vegetables, frozen",Hortalizas congeladas preparadas,manual_validated,cordoba_curado,
2005,"Other vegetables, prepared or preserved",Hortalizas preparadas o conservadas,manual_validated,cordoba_ajustado_ecu,
2006,"Vegetables, fruits and nuts, preserved by sugar",Frutas confitadas,manual_validated,cordoba_curado,
2007,"Jams, jellies and marmalades",Mermeladas / jaleas / dulces,manual_validated,cordoba_curado,
2008,"Fruits and nuts, otherwise prepared",Frutas y frutos secos preparados,manual_validated,revision_partida_general,renombrado a la cláusula general de la partida
2009,Fruit juices,Jugos de frutas y hortalizas,manual_validated,revision_partida_general,renombrado a la cláusula general de la partida
2101,Coffee extracts,"Extractos de café, té y mate",manual_validated,revision_partida_general,renombrado a la cláusula general de la partida
2102,Yeasts,Levaduras,manual_validated,cordoba_curado,
2103,Sauces and seasonings,Salsas / condimentos,manual_validated,cordoba_curado,
2104,Soups and broths,Sopas / caldos,manual_validated,cordoba_curado,
2105,Ice cream,Helados,manual_validated,cordoba_curado,
2106,Food preparations n.e.c.,Preparaciones alimenticias n.c.p.,manual_validated,cordoba_curado,
2201,Waters,"Agua, incluida mineral, sin azúcar",manual_validated,revision_partida_general,renombrado a la cláusula general de la partida
2202,"Waters, flavored or sweetened",Bebidas no alcohólicas,manual_validated,cordoba_curado,
2203,Beer,Cerveza,manual_validated,cordoba_curado,
2204,Wine,Vino,manual_validated,cordoba_curado,
2205,"Wine, flavored",Vermouth,manual_validated,cordoba_curado,
2206,Other fermented beverages,Otras bebidas fermentadas,manual_validated,cordoba_curado,
2207,Ethyl alcohol > 80%,Alcohol etílico > 80°,manual_validated,cordoba_curado,
2208,Spirits < 80% alcohol,Bebidas espirituosas,manual_validated,cordoba_curado,
2209,Vinegars,Vinagre,manual_validated,cordoba_curado,
2301,"Flours of fish, for animal feed",Harina de carne / pescado,manual_validated,cordoba_curado,
2302,Cereal residues,Salvado y residuos de cereales,manual_validated,revision_partida_general,renombrado a la cláusula general de la partida
2303,Starch residues,Residuos de almidonería,manual_validated,cordoba_curado,
2304,Solid soybean residues,Pellets de soja (torta),manual_validated,cordoba_curado,
2305,Solid peanut residues,Pellets de maní (torta),manual_validated,cordoba_curado,
2306,Solid vegetable oil and fat residues,Tortas y residuos de aceites vegetales,manual_validated,revision_partida_general,renombrado a la cláusula general de la partida
2307,Wine lees,Heces de vino / tártaro,manual_validated,cordoba_curado,
2308,Vegetable materials for animal feeding,Otros residuos vegetales para forraje,manual_validated,cordoba_curado,
2309,Animal feed,Alimentos para animales preparados,manual_validated,cordoba_curado,
2401,Unmanufactured tobacco,Tabaco en hoja,manual_validated,cordoba_curado,
2402,Cigars and cigarettes,Cigarrillos / cigarros,manual_validated,cordoba_curado,
2403,Other manufactured tobacco,Otros productos del tabaco,manual_validated,cordoba_curado,
2501,Salt,Sal,manual_validated,cordoba_curado,
2502,Unroasted iron pyrites,Pirita de hierro (sin tostar),manual_validated,cordoba_curado,
2503,"Sulphur, crude",Azufre,manual_validated,cordoba_curado,
2504,Natural graphite,Grafito natural,manual_validated,cordoba_curado,
2505,Natural sands,Arenas naturales,manual_validated,cordoba_curado,
2506,Quartz,Cuarzo / cuarcita,manual_validated,cordoba_curado,
2507,Kaolin,Caolín,manual_validated,cordoba_curado,
2508,Clays,Otras arcillas,manual_validated,cordoba_curado,
2509,Chalk,Creta / yeso,manual_validated,cordoba_curado,
2510,Natural calcium phosphates,Fosfatos naturales,manual_validated,cordoba_curado,
2511,Natural barium sulfate,Sulfato de bario natural,manual_validated,cordoba_curado,
2512,Siliceous fossil meals and earths,Harinas fósiles silíceas,manual_validated,cordoba_curado,
2513,Natural abrasives,Piedra pómez,manual_validated,cordoba_curado,
2514,Slate,Pizarra,manual_validated,cordoba_curado,
2515,Marble,Mármol / travertino,manual_validated,cordoba_curado,
2516,Granite,"Granito, basalto y piedra de construcción",manual_validated,revision_partida_general,renombrado a la cláusula general de la partida
2517,Gravel,Cantos / piedras trituradas,manual_validated,cordoba_curado,
2518,Dolomite,Dolomita,manual_validated,cordoba_curado,
2519,Natural magnesia,Magnesia / carbonato de magnesio,manual_validated,cordoba_curado,
2520,Gypsum,Yeso,manual_validated,cordoba_curado,
2521,Limstone,Castina / piedra caliza,manual_validated,cordoba_curado,
2522,Quicklime,Cal,manual_validated,cordoba_curado,
2523,Cements,Cemento,manual_validated,cordoba_curado,
2524,Asbestos,Amianto (asbesto),manual_validated,cordoba_curado,
2525,Mica,Mica,manual_validated,cordoba_curado,
2526,Natural steatite,Esteatita natural y talco,manual_validated,revision_partida_general,renombrado a la cláusula general de la partida
2527,Natural cryolite,Criolita natural,pending_manual_validation,ecu_previo,
2528,Natural borates,Boratos,manual_validated,cordoba_curado,
2529,Feldspar,Feldespato / leucita,manual_validated,cordoba_curado,
2530,Mineral substances n.e.c.,Otros minerales,manual_validated,cordoba_curado,
2601,Iron ores and concentrates,Mineral de hierro,manual_validated,cordoba_curado,
2602,Manganese > 47% by weight,Mineral de manganeso (> 47%),manual_validated,cordoba_curado,
2603,Copper ore,Mineral de cobre,manual_validated,cordoba_curado,
2604,Nickel ore,Mineral de níquel,manual_validated,cordoba_curado,
2605,Cobalt ore,Mineral de cobalto,manual_validated,cordoba_curado,
2606,Aluminum ore,Mineral de aluminio (bauxita),manual_validated,cordoba_curado,
2607,Lead ore,Mineral de plomo,manual_validated,cordoba_curado,
2608,Zinc ore,Mineral de cinc,manual_validated,cordoba_curado,
2609,Tin ore,Mineral de estaño,manual_validated,cordoba_curado,
2610,Chromium ore,Mineral de cromo,manual_validated,cordoba_curado,
2611,Tungsten ore,Mineral de tungsteno,manual_validated,cordoba_curado,
2612,Uranium ore,Mineral de uranio / torio,manual_validated,cordoba_curado,
2613,Molybdenum ore,Mineral de molibdeno,manual_validated,cordoba_curado,
2614,Titanium ore,Mineral de titanio,manual_validated,cordoba_curado,
2615,Zirconium ore,Mineral de niobio / circonio,manual_validated,cordoba_curado,
2616,Precious metal ores,Mineral de oro / plata,manual_validated,cordoba_curado,
2617,Other ores,Otros minerales metalíferos,manual_validated,cordoba_curado,
2618,Granulated iron or steel slag,Escorias / cenizas de hierro,manual_validated,cordoba_curado,
2619,Iron or steel slag,Escorias de la siderurgia,manual_validated,manual_ecu,
2620,"Slag, ash and residues containing metals",Escorias / cenizas con metales,manual_validated,cordoba_curado,
2621,Other slag and ash,Otras escorias / cenizas,manual_validated,cordoba_curado,
2701,Coal,Carbón mineral,manual_validated,cordoba_curado,
2702,Lignite,Lignito,manual_validated,cordoba_curado,
2703,Peat,Turba,manual_validated,cordoba_curado,
2704,Coke,Coque / semicoque,manual_validated,cordoba_curado,
2705,Non-petroleum gases,Gas de hulla,manual_validated,cordoba_curado,
2706,"Tar distilled from coal, lignite etc.",Alquitranes,manual_validated,cordoba_curado,
2707,Oils etc. from high temperature coal tar,Aceites de alquitrán,manual_validated,cordoba_curado,
2708,Pitch and pitch coke,Brea / coque de brea,manual_validated,cordoba_curado,
2709,"Petroleum oils, crude","Aceites de petróleo, crudos",pending_manual_validation,ecu_previo,
2710,"Petroleum oils, refined",Aceites de petróleo (no crudos),manual_validated,cordoba_curado,
2711,Petroleum gases,Gases de petróleo,manual_validated,cordoba_curado,
2712,Petroleum jelly,"Vaselina, parafina y ceras minerales",manual_validated,revision_partida_general,renombrado a la cláusula general de la partida
2713,Petroleum coke,Coque de petróleo,manual_validated,cordoba_curado,
2714,"Bitumen and asphalt, natural",Betunes / asfaltos naturales,manual_validated,cordoba_curado,
2715,Bituminous mixtures,Mezclas bituminosas,manual_validated,cordoba_curado,
2716,Electrical energy,Energía eléctrica,manual_validated,cordoba_curado,
2801,Iodine,Cloro / flúor / bromo / yodo,manual_validated,cordoba_curado,
2802,"Sulfur, sublimed or precipitated",Azufre sublimado,manual_validated,cordoba_curado,
2803,Carbon,Carbón / negro de humo,manual_validated,cordoba_curado,
2804,Silicon & rare gases,Hidrógeno / gases nobles,manual_validated,cordoba_curado,
2805,Rare-earth metals,Metales alcalinos,manual_validated,cordoba_curado,
2806,Hydrochloric acid,Cloruro de hidrógeno,manual_validated,cordoba_curado,
2807,"Sulfiric acid, oleum",Ácido sulfúrico,manual_validated,cordoba_curado,
2808,Sulfonitric acids,Ácido nítrico,manual_validated,cordoba_curado,
2809,Phosphoric acid etc.,Ácido fosfórico,manual_validated,cordoba_curado,
2810,Oxides of boron; boric acids,Óxidos de boro,manual_validated,cordoba_curado,
2811,Other inorganic acids,Otros ácidos / óxidos inorgánicos,manual_validated,cordoba_curado,
2812,Halides of nonmetals,Cloruros / oxicloruros no metálicos,manual_validated,cordoba_curado,
2813,Sulfides of nonmetals,Sulfuros no metálicos,manual_validated,cordoba_curado,
2814,Ammonia,Amoníaco,manual_validated,cordoba_curado,
2815,Sodium hydroxide,Hidróxido de sodio (soda cáustica),manual_validated,cordoba_curado,
2816,Hydroxides or peroxides of magnesium,Hidróxido de magnesio,manual_validated,cordoba_curado,
2817,Zinc oxide or peroxide,Óxido de cinc,manual_validated,cordoba_curado,
2818,Aluminum oxide,Corindón / óxido de aluminio,manual_validated,cordoba_curado,
2819,Chromium oxides and hydroxides,Óxidos / hidróxidos de cromo,manual_validated,cordoba_curado,
2820,Manganese oxides,Óxidos de manganeso,manual_validated,cordoba_curado,
2821,Iron oxides and hydroxides,Óxidos de hierro,manual_validated,cordoba_curado,
2822,Cobalt oxides and hydroxides,Óxidos / hidróxidos de cobalto,manual_validated,cordoba_curado,
2823,Titanium oxides,Dióxido de titanio,manual_validated,cordoba_curado,
2824,Lead oxides,Óxidos de plomo,manual_validated,cordoba_curado,
2825,"Metal base oxides, n.e.c.",Otras bases inorgánicas,manual_validated,cordoba_curado,
2826,Flourides,Fluoruros,manual_validated,cordoba_curado,
2827,"Chlorides, bromides, iodides etc.",Cloruros,manual_validated,cordoba_curado,
2828,Hyopchlorites,Hipocloritos,manual_validated,cordoba_curado,
2829,Sodium chlorate,Cloratos / percloratos,manual_validated,cordoba_curado,
2830,Sulfides; polysulfides,Sulfuros / polisulfuros,manual_validated,cordoba_curado,
2831,Dithionites and sulfoxylates,Ditionitos,manual_validated,cordoba_curado,
2832,Sulfites,Sulfitos,manual_validated,cordoba_curado,
2833,Sulfates,Sulfatos,manual_validated,cordoba_curado,
2834,"Nitrites, nitrates",Nitritos / nitratos,manual_validated,cordoba_curado,
2835,Phosphates,Fosfatos / polifosfatos,manual_validated,cordoba_curado,
2836,Carbonates,Carbonatos,manual_validated,cordoba_curado,
2837,Cyanides,Cianuros / cianatos,manual_validated,cordoba_curado,
2838,"Fulminates, cyanates and thiocyanates","Fulminatos, cianatos y tiocianatos",manual_validated,manual_ecu,
2839,Silicates,Silicatos,manual_validated,cordoba_curado,
2840,Borates,Boratos / peroxoboratos,manual_validated,cordoba_curado,
2841,Salts of oxometallic acids,Sales de ácidos oxometálicos,manual_validated,cordoba_curado,
2842,Other salts of acids,Otras sales / peroxosales,manual_validated,cordoba_curado,
2843,Compounds of precious metals,Compuestos de metales preciosos,manual_validated,revision_partida_general,renombrado a la cláusula general de la partida
2844,Uranium,Elementos radiactivos,manual_validated,cordoba_curado,
2845,Non-radioactive isotopes,Isótopos,manual_validated,cordoba_curado,
2846,Compounds of rare-earth metals,Compuestos tierras raras,manual_validated,cordoba_curado,
2847,Hydrogen peroxide,Peróxido de hidrógeno,manual_validated,cordoba_curado,
2848,Phosphides,Fosfuros,manual_validated,cordoba_curado,
2849,Carbides,Carburos,manual_validated,cordoba_curado,
2850,"Hydrides, nitrides, azides, silicides and borides","Hidruros, nitruros, siliciuros y boruros",manual_validated,revision_partida_general,renombrado a la cláusula general de la partida
2851,"Inorganic compounds, liquid or compressed air",Otros compuestos inorgánicos,manual_validated,cordoba_curado,
2901,Acyclic hydrocarbons,Hidrocarburos acíclicos,manual_validated,cordoba_curado,
2902,Cyclic hydrocarbons,Hidrocarburos cíclicos,manual_validated,cordoba_curado,
2903,Halogenated derivatives of hydrocarbons,Hidrocarburos halogenados,manual_validated,cordoba_curado,
2904,"Sulfonated, nitrated derivatives of hydrocarbons",Hidrocarburos sulfonados,manual_validated,cordoba_curado,
2905,Acyclic alcohols,Alcoholes acíclicos,manual_validated,cordoba_curado,
2906,Cyclic alcohols,Alcoholes cíclicos,manual_validated,cordoba_curado,
2907,"Phenols, phenol-alcohols",Fenoles,manual_validated,cordoba_curado,
2908,Derivatives of phenols,Derivados halogenados de fenoles,manual_validated,cordoba_curado,
2909,Ethers,"Éteres, éter-alcoholes y peróxidos",manual_validated,revision_partida_general,renombrado a la cláusula general de la partida
2910,Epoxides,Epóxidos / éteres cíclicos,manual_validated,cordoba_curado,
2911,Acetals and hemiacetals,Acetales / hemiacetales,manual_validated,cordoba_curado,
2912,Aldehydes,Aldehídos,manual_validated,cordoba_curado,
2913,Derivatives of aldehydes,Derivados de aldehídos,manual_validated,cordoba_curado,
2914,Ketones and quinones,Cetonas / quinonas,manual_validated,cordoba_curado,
2915,Saturated acyclic monocarboxylic acids,Ácidos monocarboxílicos acíclicos saturados,manual_validated,revision_partida_general,renombrado a la cláusula general de la partida
2916,Unsaturated acyclic monocarboxylic acids,Ácidos monocarboxílicos insaturados y cíclicos,manual_validated,revision_partida_general,renombrado a la cláusula general de la partida
2917,Polycarboxylic acids,Ácidos policarboxílicos,manual_validated,cordoba_curado,
2918,Carboxylic acids with additional oxygen function,Ácidos carboxílicos con función oxigenada,manual_validated,revision_partida_general,renombrado a la cláusula general de la partida
2919,Phosporic esters,Ésteres fosfóricos,manual_validated,cordoba_curado,
2920,Esters of other inorganic acids of nonmetals,Ésteres de ácidos inorgánicos no metálicos,manual_validated,cordoba_curado,
2921,Amine-function compounds,Compuestos amino,manual_validated,cordoba_curado,
2922,Oxygen-function amino-compounds,Aminocompuestos con oxígeno,manual_validated,cordoba_curado,
2923,Quaternary ammonium salts and hydroxides,Lecitina y compuestos amónicos cuaternarios,manual_validated,cordoba_curado,
2924,Carboxyamide-function compounds,"Amidas (urea, etc.)",manual_validated,cordoba_curado,
2925,Carboxyimide-function compounds,Imidas,manual_validated,cordoba_curado,
2926,Nitrile-function compounds,Compuestos con función nitrilo,manual_validated,cordoba_curado,
2927,"Diazo-, azo-, or azoxy-compounds","Diazo-, azo- compuestos",manual_validated,cordoba_curado,
2928,Organix derivatives of hydrazine,Derivados de hidrazina,manual_validated,cordoba_curado,
2929,Isocyanates,Isocianatos (TDI),manual_validated,cordoba_curado,
2930,Organo-sulfur compounds,Compuestos azufrados orgánicos,manual_validated,cordoba_curado,
2931,Other organo-inorganic compounds,Otros compuestos órgano-inorgánicos,manual_validated,cordoba_curado,
2932,Heterocyclic compounds with oxygen hetero-atom(s) only,Compuestos heterocíclicos con oxígeno,manual_validated,cordoba_curado,
2933,Heterocyclic compounds with nitrogen hetero-atom(s) only,Compuestos heterocíclicos con nitrógeno,manual_validated,cordoba_curado,
2934,Nucleic acids and their salts,Otros heterocíclicos,manual_validated,cordoba_curado,
2935,Sulfonamides,Sulfonamidas,manual_validated,cordoba_curado,
2936,Vitamins,Provitaminas / vitaminas,manual_validated,cordoba_curado,
2937,Hormones,Hormonas y prostaglandinas,manual_validated,revision_partida_general,renombrado a la cláusula general de la partida
2938,Glycosides,Heterósidos,manual_validated,cordoba_curado,
2939,Vegetable alkaloids,Alcaloides,manual_validated,cordoba_curado,
2940,"Other sugars, chemically pure",Azúcares químicamente puros,manual_validated,cordoba_curado,
2941,Antibiotics,Antibióticos,manual_validated,cordoba_curado,
2942,Other organic compounds,Otros compuestos orgánicos,manual_validated,cordoba_curado,
3001,Heparin for therapeutic use,Glándulas y extractos para opoterapia,manual_validated,revision_partida_general,renombrado a la cláusula general de la partida
3002,Serums and vaccines,"Sangre, antisueros y vacunas",manual_validated,revision_partida_general,renombrado a la cláusula general de la partida
3003,"Medicaments, not packaged",Medicamentos (granel),manual_validated,cordoba_curado,
3004,"Medicaments, packaged",Medicamentos (dosificados),manual_validated,cordoba_curado,
3005,"Wadding, gauze and bandages",Apósitos / vendajes,manual_validated,cordoba_curado,
3006,Pharmaceutical goods,Preparaciones farmacéuticas n.c.p.,manual_validated,cordoba_curado,
3101,Animal or vegetable fertilizers,Abonos animales / vegetales,manual_validated,cordoba_curado,
3102,Nitrogenous fertilizers,Fertilizantes nitrogenados,manual_validated,cordoba_curado,
3103,Phosphatic fertilizers,Fertilizantes fosfatados,manual_validated,cordoba_curado,
3104,Potassic fertilizers,Fertilizantes potásicos,manual_validated,cordoba_curado,
3105,Mixed fertilizers,Fertilizantes complejos,manual_validated,cordoba_curado,
3201,Vegetable tanning extracts,Extracto de quebracho / curtientes vegetales,manual_validated,cordoba_curado,
3202,Synthetic tanning substances,Productos curtientes orgánicos e inorgánicos,manual_validated,revision_partida_general,renombrado a la cláusula general de la partida
3203,Coloring matter of animal or vegetable origin,Materias colorantes vegetales o animales,manual_validated,revision_partida_general,renombrado a la cláusula general de la partida
3204,Synthetic organic coloring matter,Colorantes orgánicos sintéticos,manual_validated,cordoba_curado,
3205,Color lakes,Lacas colorantes,manual_validated,cordoba_curado,
3206,Other coloring matter,Otras materias colorantes,manual_validated,cordoba_curado,
3207,Prepared pigments,Pigmentos y esmaltes para cerámica y vidrio,manual_validated,revision_partida_general,renombrado a la cláusula general de la partida
3208,"Paints and varnishes, nonaqueous",Pinturas sintéticas (no acuosas),manual_validated,cordoba_curado,
3209,"Paints and varnishes, aqueous",Pinturas / barnices acuosos,manual_validated,cordoba_curado,
3210,Other paints and varnishes,Otras pinturas / barnices,manual_validated,cordoba_curado,
3211,Prepared driers,Secativos preparados,manual_validated,cordoba_curado,
3212,"Pigments, nonaqueous",Pigmentos dispersos,manual_validated,cordoba_curado,
3213,Artists' colors,Colores para arte / educación,manual_validated,cordoba_curado,
3214,Glaziers' putty,Masillas para vidrieros / construcción,manual_validated,cordoba_curado,
3215,Ink,Tintas de imprenta / escritura,manual_validated,cordoba_curado,
3301,Essential oils,Aceites esenciales,manual_validated,cordoba_curado,
3302,Mixtures of odoriferous subtances,Mezclas con sustancias aromáticas,manual_validated,cordoba_curado,
3303,Perfumes,Perfumes / cosmética,manual_validated,cordoba_curado,
3304,Make-up preparations,Productos de belleza / maquillaje,manual_validated,cordoba_curado,
3305,Hair products,Productos para el cabello,manual_validated,cordoba_curado,
3306,Dental hygiene products,Higiene bucal,manual_validated,cordoba_curado,
3307,Toiletries,"Afeitado, desodorantes y preparaciones de baño",manual_validated,revision_partida_general,renombrado a la cláusula general de la partida
3401,Soap,Jabones,manual_validated,cordoba_curado,
3402,Cleaning products,Detergentes / tensioactivos,manual_validated,cordoba_curado,
3403,Lubricants,Lubricantes,manual_validated,cordoba_curado,
3404,Artificial and prepared waxes,Ceras,manual_validated,cordoba_curado,
3405,Polishes and creams,Betunes y ceras para calzado y muebles,manual_validated,revision_partida_general,renombrado a la cláusula general de la partida
3406,Candles,Velas,manual_validated,cordoba_curado,
3407,Modeling pastes,Pastas para moldear,manual_validated,cordoba_curado,
3501,Casein,Caseína,manual_validated,cordoba_curado,
3502,Albumins,Albúminas,manual_validated,cordoba_curado,
3503,Gelatin,Gelatina,manual_validated,cordoba_curado,
3504,Peptones,Peptonas y otras materias proteínicas,manual_validated,revision_partida_general,renombrado a la cláusula general de la partida
3505,Dextrins and other modified starches,Almidones modificados / dextrinas,manual_validated,cordoba_curado,
3506,Glues and adhesives,Colas / adhesivos preparados,manual_validated,cordoba_curado,
3507,Enzymes,Enzimas,manual_validated,cordoba_curado,
3601,Propellant powders,Pólvoras de proyección,manual_validated,cordoba_curado,
3602,"Prepared explosives, except gunpowder",Explosivos preparados,manual_validated,cordoba_curado,
3603,Detonators,Mechas de seguridad / detonadores,manual_validated,cordoba_curado,
3604,Fireworks,Pirotecnia,manual_validated,cordoba_curado,
3605,Matches,Fósforos / cerillas,manual_validated,cordoba_curado,
3606,Ferrocerium and other pyrophoric alloys,Aleaciones pirofóricas,manual_validated,cordoba_curado,
3701,Photographic plates,Placas / películas fotográficas,manual_validated,cordoba_curado,
3702,Photographic film in rolls,Películas en rollo,manual_validated,cordoba_curado,
3703,Photographic paper,Papel fotográfico,manual_validated,cordoba_curado,
3704,"Photographic film, not developed",Placas reveladas,manual_validated,cordoba_curado,
3705,"Photographic film, developed",Productos químicos fotográficos,manual_validated,cordoba_curado,
3706,Motion-picture film,Películas cinematográficas,manual_validated,cordoba_curado,
3707,Chemical preparations for photographic uses,Preparaciones químicas para fotografía,manual_validated,revision_partida_general,renombrado a la cláusula general de la partida
3801,Artificial graphite,Grafito artificial,manual_validated,cordoba_curado,
3802,Activated carbon,Carbón activado,manual_validated,cordoba_curado,
3803,Tall oil,Aceite de tall,manual_validated,cordoba_curado,
3804,Residual lyes,Lejías de la madera,manual_validated,cordoba_curado,
3805,Turpentines,Esencias de trementina,manual_validated,cordoba_curado,
3806,Rosin and resin acids,Colofonia,manual_validated,cordoba_curado,
3807,Wood tar and oils,Brea / aceites de madera,manual_validated,cordoba_curado,
3808,"Insecticides, rodenticides, fungicides, etc.","Insecticidas, herbicidas y fungicidas",manual_validated,revision_partida_general,renombrado a la cláusula general de la partida
3809,Finishing agents,Aprestos / acabados textiles,manual_validated,cordoba_curado,
3810,Pickling preparations for metal surfaces,Decapantes y fundentes para soldadura,manual_validated,revision_partida_general,renombrado a la cláusula general de la partida
3811,Anti-knock,Aditivos para combustibles / lubricantes,manual_validated,cordoba_curado,
3812,Stabilizers for rubber or plastic,"Aceleradores, plastificantes y estabilizantes",manual_validated,revision_partida_general,renombrado a la cláusula general de la partida
3813,Preparations for fire extinguishers,Cargas para extintores,manual_validated,cordoba_curado,
3814,Organic composite solvents and thinners,Disolventes / diluyentes,manual_validated,cordoba_curado,
3815,Catalytic preparations,Catalizadores,manual_validated,cordoba_curado,
3816,Refractory cements,Cementos / refractarios,manual_validated,cordoba_curado,
3817,Mixed alkylbenzenes,Mezclas de alquilbencenos,manual_validated,cordoba_curado,
3818,Chemical elements for electronics,Productos químicos dopados,manual_validated,cordoba_curado,
3819,Hydraulic fluids,Líquidos hidráulicos,manual_validated,cordoba_curado,
3820,Antifreezing preparation,Anticongelantes,manual_validated,cordoba_curado,
3821,Prepared culture media for micro-organisms,Medios de cultivo,manual_validated,cordoba_curado,
3822,Diagnostic or laboratory reagents,Reactivos de diagnóstico,manual_validated,cordoba_curado,
3823,Industrial monocarboxylic fatty acids,Ácidos grasos / aceites industriales,manual_validated,cordoba_curado,
3901,Polymers of ethylene,Polietileno,manual_validated,cordoba_curado,
3902,Polymers of propylene,Polipropileno,manual_validated,cordoba_curado,
3903,Polymers of styrene,Poliestireno,manual_validated,cordoba_curado,
3904,Polymers of vinyl chloride,Polímeros del cloruro de vinilo (PVC),manual_validated,cordoba_curado,
3905,Polymers of vinyl acetate,Polímeros del acetato de vinilo,manual_validated,cordoba_curado,
3906,Acrylic polymers,Polímeros acrílicos,manual_validated,cordoba_curado,
3907,Polyacetals,Poliacetales / poliésteres,manual_validated,cordoba_curado,
3908,Polyamides,Poliamidas,manual_validated,cordoba_curado,
3909,Amino-resins,Resinas amínicas / fenólicas,manual_validated,cordoba_curado,
3910,Silicones in primary forms,Siliconas primarias,manual_validated,cordoba_curado,
3911,Petroleum resins,Resinas / hidrocarburos sintéticos,manual_validated,cordoba_curado,
3912,Cellulose n.e.c.,Celulosa / derivados,manual_validated,cordoba_curado,
3913,Natural polymers,Otros polímeros naturales,manual_validated,cordoba_curado,
3914,Ion-exchangers based on polymers,Intercambiadores iónicos,manual_validated,cordoba_curado,
3915,Plastic waste,Desechos / desperdicios plásticos,manual_validated,cordoba_curado,
3916,Monofilament,Monofilamentos / barras plásticas,manual_validated,cordoba_curado,
3917,Plastic tubes and fittings,Tubos plásticos,manual_validated,cordoba_curado,
3918,Plastic floor coverings,Revestimientos plásticos de suelos y paredes,manual_validated,revision_partida_general,renombrado a la cláusula general de la partida
3919,Self-adhesive plastic sheets,Placas / películas autoadhesivas,manual_validated,cordoba_curado,
3920,"Other plates of plastics, noncellular and not reinforced",Otras placas / películas plásticas,manual_validated,cordoba_curado,
3921,"Other plastic plates, sheets etc.",Otras placas / hojas plásticas,manual_validated,cordoba_curado,
3922,"Baths, sinks etc.",Bañeras / lavabos plásticos,manual_validated,cordoba_curado,
3923,Packing lids,Envases plásticos,manual_validated,cordoba_curado,
3924,Plastic household articles,Vajilla plástica,manual_validated,cordoba_curado,
3925,Plastic builders' ware,Artículos de plástico para construcción,manual_validated,cordoba_ajustado_ecu,
3926,Other articles of plastic,Otras manufacturas de plástico,manual_validated,cordoba_curado,
4001,Natural rubber,Caucho natural,manual_validated,cordoba_curado,
4002,Synthetic rubber,Caucho sintético,manual_validated,cordoba_curado,
4003,Reclaimed rubber,Caucho regenerado,manual_validated,cordoba_curado,
4004,Scrap of rubber,Desechos de caucho,manual_validated,cordoba_curado,
4005,Compounded rubber,Caucho mezclado sin vulcanizar,manual_validated,cordoba_curado,
4006,Unvulcanized rubber rods,Formas no vulcanizadas de caucho,manual_validated,cordoba_curado,
4007,Vulcanized rubber thread and cord,Hilos / cordones de caucho vulcanizado,manual_validated,cordoba_curado,
4008,Vulcanized rubber plates,Placas / láminas de caucho,manual_validated,cordoba_curado,
4009,Vulcanized rubber tubes,Tubos de caucho,manual_validated,cordoba_curado,
4010,Conveyor belts of vulcanized rubber,Correas de transmisión (caucho),manual_validated,cordoba_curado,
4011,New pneumatic tires of rubber,Neumáticos,manual_validated,cordoba_curado,
4012,Used pneumatic tires of rubber,Neumáticos recauchutados,manual_validated,cordoba_curado,
4013,Rubber inner tubes,Cámaras de aire,manual_validated,cordoba_curado,
4014,Rubber hygenic or pharmeceutical items,Artículos de higiene de caucho,manual_validated,cordoba_curado,
4015,Vulcanized rubber articles of apparel,Prendas de caucho,manual_validated,cordoba_curado,
4016,Other articles of vulcanized rubber,Otras manufacturas de caucho,manual_validated,cordoba_curado,
4017,Hard rubber,Caucho endurecido (ebonita),manual_validated,cordoba_curado,
4101,Raw hides of bovines or equines,Cueros en bruto de bovino y equino,manual_validated,revision_partida_general,renombrado a la cláusula general de la partida
4102,Raw skins of sheep or lambs,Cueros / pieles de ovino,manual_validated,cordoba_curado,
4103,Other raw hides and skins,Otros cueros / pieles en bruto,manual_validated,cordoba_curado,
4104,Tanned hides of bovines or equines,Cueros curtidos de bovino y equino,manual_validated,revision_partida_general,renombrado a la cláusula general de la partida
4105,Tanned sheepskins,Cueros / pieles preparados de ovino,manual_validated,cordoba_curado,
4106,Tanned skins of other animals,Otros cueros preparados,manual_validated,cordoba_curado,
4107,Bovine leather further prepared,Cueros preparados de bovino y equino,manual_validated,revision_partida_general,renombrado a la cláusula general de la partida
4108,Chamois leather,Cueros para guantes / vestido,manual_validated,cordoba_curado,
4109,Patent leather,Cueros barnizados,manual_validated,cordoba_curado,
4110,Waste of leather,Recortes de cuero,manual_validated,cordoba_curado,
4111,Composition leather,Cuero artificial / regenerado,manual_validated,cordoba_curado,
4201,Saddlery and harnesses,Arneses / artículos de talabartería,manual_validated,cordoba_curado,
4202,Trunks or cases,"Baúles, maletas y bolsos",manual_validated,revision_partida_general,renombrado a la cláusula general de la partida
4203,Leather apparel,Prendas de cuero,manual_validated,cordoba_curado,
4204,Articles of leather for technical uses,Cueros para usos técnicos,manual_validated,cordoba_curado,
4205,Other articles of leather,Otras manufacturas de cuero,manual_validated,cordoba_curado,
4206,Articles of gut,Manufacturas de tripa / membranas,manual_validated,cordoba_curado,
4301,Other raw furskins,Pieles finas en bruto,manual_validated,cordoba_curado,
4302,Other tanned furskins,Pieles finas curtidas,manual_validated,cordoba_curado,
4303,Furskin apparel,Prendas de peletería,manual_validated,cordoba_curado,
4304,Artificial fur,Pieles facticias / sintéticas,manual_validated,cordoba_curado,
4401,Fuel wood,"Leña, astillas y aserrín",manual_validated,revision_partida_general,renombrado a la cláusula general de la partida
4402,Wood charcoal,Carbón vegetal,manual_validated,cordoba_curado,
4403,Wood in the rough,Madera en bruto,manual_validated,cordoba_curado,
4404,Strips and other pieces of wood,Tiras / formas de madera,manual_validated,cordoba_curado,
4405,Wood wool or flour,Lana de madera / harina de madera,manual_validated,cordoba_curado,
4406,Wooden railway ties,Traviesas de madera para vías férreas,manual_validated,cordoba_curado,
4407,Wood sawn lengthwise,Madera aserrada,manual_validated,cordoba_curado,
4408,Sheets for veneering for plywood,Hojas de chapa de madera,manual_validated,cordoba_curado,
4409,Wood shaped along its edges,Madera perfilada,manual_validated,cordoba_curado,
4410,Particle board and similar board,Tableros de partículas,manual_validated,cordoba_curado,
4411,Fiberboard of wood,Tableros de fibra,manual_validated,cordoba_curado,
4412,Plywood,Madera contrachapada,manual_validated,cordoba_curado,
4413,Densified wood,Madera densificada,manual_validated,cordoba_curado,
4414,Wooden frames,Marcos de madera,manual_validated,cordoba_curado,
4415,Packing boxes,Cajones / cajas / paletas de madera,manual_validated,cordoba_curado,
4416,"Casks, barrels, etc. of wood",Barriles / cubas de madera,manual_validated,cordoba_curado,
4417,Wooden tools,Herramientas / mangos de madera,manual_validated,cordoba_curado,
4418,Wood carpentry for construction,Carpintería para construcción,manual_validated,cordoba_curado,
4419,Wooden kitchenware,Utensilios de mesa / cocina de madera,manual_validated,cordoba_curado,
4420,"Wood marquetry, ornaments, etc.",Marquetería / ornamentos de madera,manual_validated,cordoba_curado,
4421,Other articles of wood,Otras manufacturas de madera,manual_validated,cordoba_curado,
4501,"Natural cork, raw",Corcho natural en bruto,manual_validated,cordoba_curado,
4502,"Natural cork, debacked",Corcho natural desbastado,manual_validated,cordoba_curado,
4503,Articles of natural cork,Manufacturas de corcho natural,manual_validated,cordoba_curado,
4504,Agglomerated cork,Corcho aglomerado,manual_validated,cordoba_curado,
4601,Products of plaiting materials,Trenzas y materias trenzables,manual_validated,cordoba_curado,
4602,Basketwork,Cestería,manual_validated,cordoba_curado,
4701,Mechanical woodpulp,Pasta mecánica de madera,manual_validated,cordoba_curado,
4702,"Chemical woodpulp, dissolving grade",Pasta química de madera,manual_validated,cordoba_curado,
4703,"Chemical woodpulp, soda or sulfate",Pasta química al sulfato,manual_validated,cordoba_curado,
4704,"Chemical woodpulp, sulfite",Pasta química al sulfito,manual_validated,cordoba_curado,
4705,Semichemical woodpulp,Pasta semiquímica de madera,manual_validated,cordoba_curado,
4706,Pulps of recovered paper fibers,Pasta de fibras de papel recuperado,manual_validated,cordoba_curado,
4707,Paper waste,Papel / cartón para reciclar,manual_validated,cordoba_curado,
4801,Newsprint,Papel prensa,manual_validated,cordoba_curado,
4802,Paper used for graphic purposes,Papel sin recubrir,manual_validated,cordoba_curado,
4803,Tissue,Papel para uso sanitario en bobinas,manual_validated,revision_partida_general,renombrado a la cláusula general de la partida
4804,Uncoated kraft paper and paperboard,Kraft (sin estucar),manual_validated,cordoba_curado,
4805,Other uncoated paper and paperboard,Otros papeles / cartones sin estucar,manual_validated,cordoba_curado,
4806,Transparent paper,Papel sulfurizado / vegetal,manual_validated,cordoba_curado,
4807,Uncoated composite paper,Papel compuesto,manual_validated,cordoba_curado,
4808,Corrugated paper and paperboard,"Papel ondulado, rizado o gofrado",manual_validated,revision_partida_general,renombrado a la cláusula general de la partida
4809,Carbon paper,Papel carbón / autocopia,manual_validated,cordoba_curado,
4810,"Paper and paperboard, coated with kaolin",Papel estucado,manual_validated,cordoba_curado,
4811,"Cellulose wadding, coated","Papel recubierto, impregnado o coloreado",manual_validated,revision_partida_general,renombrado a la cláusula general de la partida
4812,Filter blocks of paper pulp,Bloques / placas para filtros,manual_validated,cordoba_curado,
4813,Cigarette paper,Papel de cigarrillos,manual_validated,cordoba_curado,
4814,Wallpaper,Papel para empapelar paredes,manual_validated,cordoba_curado,
4815,Floor coverings of paper,Cubre suelos de papel,manual_validated,cordoba_curado,
4816,Other carbon paper,Papel carbón / esténciles,manual_validated,cordoba_curado,
4817,Letterstock,Sobres / tarjetas postales,manual_validated,cordoba_curado,
4818,Toilet paper,Papel higiénico y artículos sanitarios,manual_validated,revision_partida_general,renombrado a la cláusula general de la partida
4819,Cardboard packing containers,Cajas y envases de papel o cartón,manual_validated,revision_partida_general,renombrado a la cláusula general de la partida
4820,Notebooks,"Artículos de papelería y oficina, de papel",manual_validated,revision_partida_general,renombrado a la cláusula general de la partida
4821,Paper labels,Etiquetas de papel,manual_validated,cordoba_curado,
4822,"Bobbins, spools, cops of paper",Carretes / bobinas de papel,manual_validated,cordoba_curado,
4823,Other paper cut to size,Otros artículos de papel,manual_validated,cordoba_curado,
4901,"Books, brochures etc.",Libros / folletos impresos,manual_validated,cordoba_curado,
4902,"Newspapers, journals and periodicals",Diarios / publicaciones periódicas,manual_validated,cordoba_curado,
4903,Children's books,Álbumes / libros infantiles,manual_validated,cordoba_curado,
4904,"Music, printed or in manuscript",Música impresa,manual_validated,cordoba_curado,
4905,Maps,Mapas / planos impresos,manual_validated,cordoba_curado,
4906,"Architectural, engineering, etc. drawings",Planos / dibujos técnicos,manual_validated,cordoba_curado,
4907,Unused stamps,"Sellos, billetes y títulos valores",manual_validated,revision_partida_general,renombrado a la cláusula general de la partida
4908,Transfers (decalcomanias),Calcomanías,manual_validated,cordoba_curado,
4909,Printed or illustrated postcards,Tarjetas postales / felicitación,manual_validated,cordoba_curado,
4910,Calendars,Calendarios,manual_validated,cordoba_curado,
4911,Other printed matter,Otros impresos,manual_validated,cordoba_curado,
5001,Silkworm cocoons,Capullos de seda,manual_validated,cordoba_curado,
5002,Raw silk,Seda cruda,manual_validated,cordoba_curado,
5003,Silk waste,Desperdicios de seda,manual_validated,cordoba_curado,
5004,Silk yarn,Hilados de seda,manual_validated,cordoba_curado,
5005,Yarn from silk waste,Hilados de desperdicios de seda,manual_validated,cordoba_curado,
5006,"Silk yarn, for retail sale",Hilados de seda (venta minorista),manual_validated,cordoba_curado,
5007,Woven silk fabrics,Tejidos de seda,manual_validated,cordoba_curado,
5101,Wool,Lana sucia,manual_validated,cordoba_curado,
5102,Animal hair,Pelo fino / grueso de animales,manual_validated,cordoba_curado,
5103,Wool or animal hair waste,Desperdicios de lana,manual_validated,cordoba_curado,
5104,Garnetted stock of wool or animal hair,Hilachas de lana,manual_validated,cordoba_curado,
5105,"Wool, combed",Lana cardada o peinada,manual_validated,cordoba_curado,
5106,"Yarn of carded wool, not for retail sale",Hilados de lana cardada,manual_validated,cordoba_curado,
5107,"Yarn of combed wool, not for retail sale",Hilados de lana peinada,manual_validated,cordoba_curado,
5108,"Yarn of animal hair, not for retail sale",Hilados de pelo fino,manual_validated,cordoba_curado,
5109,"Yarn of wool or animal hair, for retail sale",Hilados de lana (venta minorista),manual_validated,cordoba_curado,
5110,Yarn of coarse animal hair or of horsehair,Hilados de pelo grueso,manual_validated,cordoba_curado,
5111,Woven fabrics of carded wool,Tejidos de lana cardada,manual_validated,cordoba_curado,
5112,Woven fabrics of combed wool,Tejidos de lana peinada,manual_validated,cordoba_curado,
5113,Woven fabrics of coarse animal hair,Tejidos de pelo grueso / crin,manual_validated,cordoba_curado,
5201,Raw cotton,Algodón sin cardar,manual_validated,cordoba_curado,
5202,Cotton waste,Desperdicios de algodón,manual_validated,cordoba_curado,
5203,"Cotton, carded or combed",Algodón cardado o peinado,manual_validated,cordoba_curado,
5204,Cotton sewing thread,Hilo de coser de algodón,manual_validated,cordoba_curado,
5205,Cotton yarn of > 85%,Hilados de algodón (≥ 85%),manual_validated,cordoba_curado,
5206,Cotton yarn of < 85%,Hilados de algodón con otras fibras,manual_validated,cordoba_curado,
5207,Cotton yarn for retail sale,Hilados de algodón (minorista),manual_validated,cordoba_curado,
5208,Woven fabrics of cotton of > 85% weighing < 200 g/m2,Tejidos de algodón ligeros,manual_validated,cordoba_curado,
5209,Woven fabrics of cotton of < 85% weighing > 200 g/m2,Tejidos de algodón pesados,manual_validated,cordoba_curado,
5210,Woven fabrics of cotton of < 85% weighing < 200 g/m2,Tejidos de algodón con sintéticos,manual_validated,cordoba_curado,
5211,Woven fabrics of cotton of < 85% weighing > 200 g/m2,Tejidos de algodón con sintéticos pesados,manual_validated,cordoba_curado,
5212,Other woven cotton fabrics,Otros tejidos de algodón,manual_validated,cordoba_curado,
5301,"Flax, raw or processed",Lino en bruto,manual_validated,cordoba_curado,
5302,Hemp fiber,Cáñamo en bruto,manual_validated,cordoba_curado,
5303,Textile bast fibers,Yute y otras fibras textiles de líber,manual_validated,revision_partida_general,renombrado a la cláusula general de la partida
5304,Sisal and agave fibers,Sisal / agave,manual_validated,cordoba_curado,
5305,Vegetable textile fibers,Coco / abacá / ramio,manual_validated,cordoba_curado,
5306,Flax yarn,Hilados de lino,manual_validated,cordoba_curado,
5307,Yarn of textile bast fibers,Hilados de yute,manual_validated,cordoba_curado,
5308,Yarn of other vegetable textile fibers,Hilados de otras fibras vegetales,manual_validated,cordoba_curado,
5309,Woven fabrics of flax,Tejidos de lino,manual_validated,cordoba_curado,
5310,Woven fabrics of jute or of other textile bast fibers,Tejidos de yute,manual_validated,cordoba_curado,
5311,Woven fabrics of vegetable textile fibers,Tejidos de otras fibras vegetales,manual_validated,cordoba_curado,
5401,Synthetic sowing thread,Hilo de coser sintético / artificial,manual_validated,cordoba_curado,
5402,Synthetic filament yarn,Hilados sintéticos continuos,manual_validated,cordoba_curado,
5403,Artificial filament yarn,Hilados artificiales continuos,manual_validated,cordoba_curado,
5404,"Synthetic monofilament >67 dtex, thickness < 1mm",Monofilamentos sintéticos,manual_validated,cordoba_curado,
5405,"Artificial monofilament >67dtex t<1mm, strip, straws t<5mm",Monofilamentos artificiales,manual_validated,cordoba_curado,
5406,Synthetic filament yarn for retail sale,Hilados sintéticos / artificiales (minorista),manual_validated,cordoba_curado,
5407,Woven fabrics of synthetic filament yarn,Tejidos de filamentos sintéticos,manual_validated,cordoba_curado,
5408,Woven fabrics of artificial filament yarn,Tejidos de filamentos artificiales,manual_validated,cordoba_curado,
5501,Synthetic filament tow,Cables sintéticos continuos,manual_validated,cordoba_curado,
5502,Artificial filament tow,Cables artificiales continuos,manual_validated,cordoba_curado,
5503,Synthetic staple fibers,Fibras sintéticas discontinuas (sin cardar),manual_validated,cordoba_curado,
5504,"Artificial staple fibers, not processed for spinning",Fibras artificiales discontinuas,manual_validated,cordoba_curado,
5505,Waste of man-made fibers,Desperdicios de fibras sintéticas,manual_validated,cordoba_curado,
5506,"Synthetic staple fibers, processed",Fibras sintéticas cardadas,manual_validated,cordoba_curado,
5507,"Artificial staple fibers, processed",Fibras artificiales cardadas,manual_validated,cordoba_curado,
5508,Synthetic staple fibers sewing thread,Hilo de coser sintético / artificial discont.,manual_validated,cordoba_curado,
5509,"Yarn of synthetic staple fibers, not for retail sale",Hilados de fibras sintéticas,manual_validated,cordoba_curado,
5510,"Yarn of artificial staple fibers, not for retail sale",Hilados de fibras artificiales,manual_validated,cordoba_curado,
5511,"Yarn of synthetic staple fibers, for retail sale",Hilados de fibras sint/art (minorista),manual_validated,cordoba_curado,
5512,Woven fabrics of > 85% synthetic staple fibers,Tejidos de fibras sintéticas (≥ 85%),manual_validated,cordoba_curado,
5513,Woven fabrics of < 85% synthetic staple fibers weighing < 170 g/m2,Tejidos sintéticos con algodón ligeros,manual_validated,cordoba_curado,
5514,Woven fabrics of < 85% synthetic staple fibers weighing > 170 g/m2,Tejidos sintéticos con algodón pesados,manual_validated,cordoba_curado,
5515,Other woven fabrics of synthetic staple fibers,Otros tejidos de fibras sintéticas,manual_validated,cordoba_curado,
5516,Woven fabrics of artificial staple fibers,Tejidos de fibras artificiales,manual_validated,cordoba_curado,
5601,Wadding of textile materials,Guata de fibras textiles,manual_validated,cordoba_curado,
5602,Felt,Fieltro,manual_validated,cordoba_curado,
5603,Nonwoven textiles,Telas no tejidas,manual_validated,cordoba_curado,
5604,Rubber textiles,Hilos / cordeles cubiertos de caucho,manual_validated,cordoba_curado,
5605,Metallised yarn,Hilados metalizados,manual_validated,revision_partida_general,renombrado a la cláusula general de la partida
5606,Gimp yarn,Hilados entorchados (gimp),manual_validated,cordoba_curado,
5607,Twine and ropes of baste fibers,Cordeles / cuerdas / cordajes,manual_validated,cordoba_curado,
5608,Nets,Redes anudadas,manual_validated,cordoba_curado,
5609,"Articles of yarn, rope etc not elsewhere clasified",Otros artículos de cordelería,manual_validated,cordoba_curado,
5701,"Carpets, knotted",Alfombras anudadas,manual_validated,cordoba_curado,
5702,Woven carpets and rugs,Alfombras tejidas,manual_validated,cordoba_curado,
5703,"Carpets, tufted",Alfombras con pelo insertado (tufted),manual_validated,cordoba_curado,
5704,Carpets of felt,Alfombras de fieltro,manual_validated,cordoba_curado,
5705,Other carpets,Otros revestimientos textiles para suelos,manual_validated,cordoba_curado,
5801,Woven pile fabrics,Terciopelo / felpa tejida,manual_validated,cordoba_curado,
5802,Terry cloth,Tejidos con bucles para toallas,manual_validated,cordoba_curado,
5803,Gauze,Tejidos de gasa de vuelta,manual_validated,cordoba_curado,
5804,Lace and net fabrics,Tules / encajes mecánicos,manual_validated,cordoba_curado,
5805,Hand-woven tapestries,Tapices tejidos a mano,manual_validated,revision_partida_general,renombrado a la cláusula general de la partida
5806,Narrow woven fabrics,Cintas y tejidos estrechos,manual_validated,revision_partida_general,renombrado a la cláusula general de la partida
5807,Labels and badges of textiles,Etiquetas / escudos textiles,manual_validated,cordoba_curado,
5808,Braids in piece,Trencillas / pasamanería,manual_validated,cordoba_curado,
5809,Woven fabric incorporating metal threads,Tejidos con hilos metálicos,manual_validated,cordoba_curado,
5810,Embroidery in the piece,Bordados,manual_validated,cordoba_curado,
5811,Quilted textile products,Productos textiles acolchados,manual_validated,revision_partida_general,renombrado a la cláusula general de la partida
5901,Stiffened textiles,Telas recubiertas (para libros / mapas),manual_validated,cordoba_curado,
5902,Tire cord fabric,Napas para neumáticos,manual_validated,cordoba_curado,
5903,Textile fabrics impregnated with plastics,Tejidos impregnados con plástico,manual_validated,cordoba_curado,
5904,Linoleum,Linóleo,manual_validated,cordoba_curado,
5905,Textile wall coverings,Revestimientos textiles de pared,manual_validated,cordoba_curado,
5906,Rubberized textile fabrics,Tejidos cauchutados,manual_validated,cordoba_curado,
5907,"Other textile fabrics impregnated, coated or covered",Otros tejidos impregnados,manual_validated,cordoba_curado,
5908,Textile wicks,Mechas textiles y manguitos de incandescencia,manual_validated,revision_partida_general,renombrado a la cláusula general de la partida
5909,Textile hosepiping and similar tubing,Mangueras textiles (presión),manual_validated,cordoba_curado,
5910,"Transmission belts or belting, of textile material",Correas transportadoras textiles,manual_validated,cordoba_curado,
5911,Textile articles for technical use,Artículos textiles para usos técnicos,manual_validated,cordoba_curado,
6001,"Pile fabrics, knit",Tejidos de punto con pelo largo,manual_validated,cordoba_curado,
6002,Other knitted fabrics,Tejidos de punto elásticos,manual_validated,cordoba_curado,
6101,"Men's overcoats, knit",Abrigos / chaquetones de punto (hombres),manual_validated,cordoba_curado,
6102,"Women's overcoats, knit",Abrigos de punto (mujeres),manual_validated,cordoba_curado,
6103,"Men's suits, knit",Trajes de punto (hombres),manual_validated,cordoba_curado,
6104,"Women's suits, knit",Trajes de punto (mujeres),manual_validated,cordoba_curado,
6105,"Men's shirts, knit",Camisas de punto (hombres),manual_validated,cordoba_curado,
6106,"Women's shirts, knit",Blusas / camisas de punto (mujeres),manual_validated,cordoba_curado,
6107,"Men's undergarments, knit",Calzoncillos / pijamas (hombres),manual_validated,cordoba_curado,
6108,"Women's undergarments, knit",Combinaciones / pijamas (mujeres),manual_validated,cordoba_curado,
6109,"T-shirts, knit",Remeras / camisetas,manual_validated,cordoba_curado,
6110,"Sweaters, pullovers, sweatshirts etc., knit",Suéteres / pulóveres,manual_validated,cordoba_curado,
6111,"Babies' garments, knit",Prendas de bebé de punto,manual_validated,cordoba_curado,
6112,"Activewear, knit",Conjuntos deportivos de punto,manual_validated,cordoba_curado,
6113,Garments knit with impregnated fibers,Prendas de punto impregnadas o recubiertas,manual_validated,revision_partida_general,"desambiguado: 6113 de punto, 6210 de tejido"
6114,"Other garments, knit",Otras prendas de punto,manual_validated,cordoba_curado,
6115,"Socks, stockings, etc., knit","Medias, calcetines y calcetería",manual_validated,revision_partida_general,renombrado a la cláusula general de la partida
6116,"Gloves, knit",Guantes de punto,manual_validated,cordoba_curado,
6117,"Other clothing accesories, knit",Otros accesorios de punto,manual_validated,cordoba_curado,
6201,"Men's overcoats, not knit",Abrigos / chaquetones (hombres) - tela,manual_validated,cordoba_curado,
6202,"Womens overcoats, not knit",Abrigos (mujeres) - tela,manual_validated,cordoba_curado,
6203,Men's suits and pants,Trajes / pantalones (hombres) - tela,manual_validated,cordoba_curado,
6204,Women's suits and pants,Trajes / pantalones (mujeres) - tela,manual_validated,cordoba_curado,
6205,Men's shirts,Camisas (hombres) - tela,manual_validated,cordoba_curado,
6206,Women's shirts,Blusas / camisas (mujeres) - tela,manual_validated,cordoba_curado,
6207,Men's undergarments,Calzoncillos / pijamas (hombres) - tela,manual_validated,cordoba_curado,
6208,Women's undergarments,Combinaciones / pijamas (mujeres) - tela,manual_validated,cordoba_curado,
6209,Babies' garments,Prendas de bebé - tela,manual_validated,cordoba_curado,
6210,Garments made of textile felts and nonwoven fabric,Prendas de tejidos impregnados o recubiertos,manual_validated,revision_partida_general,"desambiguado: 6113 de punto, 6210 de tejido"
6211,Activewear,Conjuntos deportivos - tela,manual_validated,cordoba_curado,
6212,Brassieres,Corseterías / sostenes,manual_validated,cordoba_curado,
6213,Handkerchiefs,Pañuelos,manual_validated,cordoba_curado,
6214,"Shawls, scarves, etc.",Chales / bufandas,manual_validated,cordoba_curado,
6215,"Ties, bow ties and cravats",Corbatas,manual_validated,cordoba_curado,
6216,Gloves,Guantes - tela,manual_validated,cordoba_curado,
6217,Other clothing accesories,Otros accesorios de vestir,manual_validated,cordoba_curado,
6301,Blankets,Mantas / frazadas,manual_validated,cordoba_curado,
6302,House linen,Ropa de cama / mesa / tocador,manual_validated,cordoba_curado,
6303,Curtains,Cortinas / visillos,manual_validated,cordoba_curado,
6304,Other furnishing articles,Otros artículos de mobiliario textil,manual_validated,cordoba_curado,
6305,Bags for packing goods,Sacos / bolsas para empaque,manual_validated,cordoba_curado,
6306,"Tents, tarpaulins, etc.",Lonas / toldos / carpas,manual_validated,cordoba_curado,
6307,Other made up articles,Otros artículos textiles confeccionados,manual_validated,cordoba_curado,
6308,Needlecraft sets of woven fabric and yarn,Surtidos de costura,manual_validated,cordoba_curado,
6309,Used clothes and textiles,Prendas usadas,manual_validated,cordoba_curado,
6310,Used or new rags textile scraps,Trapos / cordajes usados,manual_validated,cordoba_curado,
6401,Waterproof footwear,Calzado impermeable,manual_validated,cordoba_curado,
6402,Other footwear of rubber or plastics,Calzado de caucho / plástico,manual_validated,cordoba_curado,
6403,Leather footwear,Calzado de cuero,manual_validated,cordoba_curado,
6404,Textile footwear,Calzado textil,manual_validated,cordoba_curado,
6405,Other footwear,Otros calzados,manual_validated,cordoba_curado,
6406,Parts of footwear,Partes de calzado,manual_validated,cordoba_curado,
6501,Hat forms,Cascos para sombreros (sin terminar),manual_validated,cordoba_curado,
6502,Hat shapes,Sombreros sin terminar (otros),manual_validated,cordoba_curado,
6503,Felt hats,Sombreros de fieltro,manual_validated,cordoba_curado,
6504,Hats,Sombreros trenzados,manual_validated,cordoba_curado,
6505,"Hats, knit",Sombreros de punto,manual_validated,cordoba_curado,
6506,Other headgear,Otros sombreros,manual_validated,cordoba_curado,
6507,Headbands,Bandas / forros para sombreros,manual_validated,cordoba_curado,
6601,Umbrellas,Paraguas / sombrillas,manual_validated,cordoba_curado,
6602,Walking sticks,Bastones / fustas,manual_validated,cordoba_curado,
6603,Parts of umbrellas or walking sticks,Partes de paraguas / bastones,manual_validated,cordoba_curado,
6701,Feathers or down,Plumas trabajadas,manual_validated,cordoba_curado,
6702,Artificial flowers,Flores artificiales,manual_validated,cordoba_curado,
6703,Human animal hair prepared for use in wigs,Cabello trabajado / preparado,manual_validated,cordoba_curado,
6704,Wigs,Pelucas / postizos,manual_validated,cordoba_curado,
6801,"Flagstones, of natural stone",Adoquines / lajas de piedra natural,manual_validated,cordoba_curado,
6802,Worked building stone,Piedra trabajada,manual_validated,cordoba_curado,
6803,Worked slate,Pizarra trabajada,manual_validated,cordoba_curado,
6804,Grindstones,Muelas / piedras de afilar,manual_validated,cordoba_curado,
6805,Natural or artificial abrasive powder,Abrasivos sobre soporte (lijas),manual_validated,revision_partida_general,renombrado a la cláusula general de la partida
6806,Mineral wools and insulating materials,Lanas minerales / aislantes,manual_validated,cordoba_curado,
6807,Asphalt,Manufacturas de asfalto,manual_validated,cordoba_curado,
6808,Panels of vegetable fibers,Paneles de fibras vegetales,manual_validated,cordoba_curado,
6809,Plaster articles,Manufacturas de yeso,manual_validated,cordoba_curado,
6810,"Articles of cement, of concrete or of artificial stone",Manufacturas de cemento,manual_validated,cordoba_curado,
6811,Asbestos-cement or cellulose fiber-cement,Manufacturas de fibrocemento,manual_validated,cordoba_curado,
6812,Asbestos fibres,Manufacturas de amianto,manual_validated,cordoba_curado,
6813,Friction material and articles thereof,Guarniciones de fricción (frenos),manual_validated,cordoba_curado,
6814,Mica articles,Mica trabajada,manual_validated,cordoba_curado,
6815,Articles of stone or of other mineral substances,Otras manufacturas de piedra / minerales,manual_validated,cordoba_curado,
6901,"Bricks, blocks, and other ceramic goods",Ladrillos de harinas silíceas fósiles,manual_validated,revision_partida_general,renombrado a la cláusula general de la partida
6902,"Bricks, tiles and similar refractory ceramic constructional goods",Otros ladrillos refractarios,manual_validated,cordoba_curado,
6903,Other refractory ceramic goods,Otros productos cerámicos refractarios,manual_validated,cordoba_curado,
6904,Ceramic building bricks,Ladrillos no refractarios,manual_validated,cordoba_curado,
6905,Architectural ceramic ornaments,Tejas / piezas cerámicas para construcción,manual_validated,cordoba_curado,
6906,Ceramic pipes,Tubos cerámicos,manual_validated,cordoba_curado,
6907,Unglazed ceramic flags and pavers,Cerámicos esmaltados,manual_validated,cordoba_curado,
6908,Glazed ceramic flags and pavers,Baldosas cerámicas barnizadas,manual_validated,cordoba_curado,
6909,Ceramic wares for technical ware,Aparatos cerámicos para laboratorio,manual_validated,cordoba_curado,
6910,"Ceramic sinks, washbasins, and similar sanitary fixtures",Sanitarios cerámicos,manual_validated,cordoba_curado,
6911,Porcelain or china household articles,Vajilla de porcelana,manual_validated,cordoba_curado,
6912,Ceramic household articles,Otra vajilla cerámica,manual_validated,cordoba_curado,
6913,Ornamental ceramic articles,Estatuillas / ornamentos cerámicos,manual_validated,cordoba_curado,
6914,Other ceramic articles,Otras manufacturas cerámicas,manual_validated,cordoba_curado,
7001,Cullet and other scraps of glass,Desechos de vidrio,manual_validated,cordoba_curado,
7002,Glass balls,Vidrio en barras / tubos,manual_validated,cordoba_curado,
7003,"Glass, cast or rolled",Vidrio colado / laminado,manual_validated,cordoba_curado,
7004,Drawn and blown glass,Vidrio estirado / soplado,manual_validated,cordoba_curado,
7005,Float glass,Vidrio flotado,manual_validated,cordoba_curado,
7006,Worked glass,Vidrio curvado / biselado,manual_validated,cordoba_curado,
7007,Safety glass,Vidrio de seguridad,manual_validated,cordoba_curado,
7008,Multiple-walled insulating glass,Vidrio aislante (cámara doble),manual_validated,cordoba_curado,
7009,Glass mirrors,Espejos de vidrio,manual_validated,cordoba_curado,
7010,Glass containers for conveyance,Envases de vidrio,manual_validated,cordoba_curado,
7011,Glass envelopes,Ampollas / bulbos de vidrio,manual_validated,cordoba_curado,
7012,Glass inners for vacuum flasks,Recipientes interiores de vidrio para termos,pending_manual_validation,ecu_previo,
7013,Glassware for interior decorative use,Artículos de vidrio para mesa y cocina,manual_validated,revision_partida_general,renombrado a la cláusula general de la partida
7014,Signaling glassware,Vidriería para señalización,manual_validated,cordoba_curado,
7015,Clock or watch glasses and similar glasses,Vidrios para relojería / óptica,manual_validated,cordoba_curado,
7016,Glass paving blocks or other molded products,Adoquines / bloques de vidrio,manual_validated,cordoba_curado,
7017,"Laboratory, hygienic or pharmaceutical glassware",Vidriería para laboratorio,manual_validated,cordoba_curado,
7018,Glass beads,Cuentas / artículos de vidrio,manual_validated,cordoba_curado,
7019,Glass fibers,Fibras de vidrio,manual_validated,cordoba_curado,
7020,Other articles of glass,Otras manufacturas de vidrio,manual_validated,cordoba_curado,
7101,Pearls,Perlas,manual_validated,cordoba_curado,
7102,Diamonds,Diamantes,manual_validated,cordoba_curado,
7103,Precious stones,Otras piedras preciosas / semipreciosas,manual_validated,cordoba_curado,
7104,Synthetic precious stones,Piedras sintéticas,manual_validated,cordoba_curado,
7105,Diamond dust,Polvo de piedras preciosas,manual_validated,cordoba_curado,
7106,Silver,Plata en bruto,manual_validated,cordoba_curado,
7107,Silver clad metals,Chapados de plata,manual_validated,cordoba_curado,
7108,Gold,Oro,manual_validated,cordoba_curado,
7109,Gold clad metals,Chapados de oro,manual_validated,cordoba_curado,
7110,Platinum,Platino,manual_validated,cordoba_curado,
7111,Platinum clad metals,Chapados de platino,manual_validated,cordoba_curado,
7112,Scrap of precious metal,Desechos de metales preciosos,manual_validated,cordoba_curado,
7113,Jewelry of precious metal,Joyería,manual_validated,cordoba_curado,
7114,Goldsmith and silversmith wares,Artículos de orfebrería,manual_validated,cordoba_curado,
7115,Other articles of precious metals,Otras manufacturas de metales preciosos,manual_validated,cordoba_curado,
7116,Articles of precious stones,Manufacturas de perlas / piedras preciosas,manual_validated,cordoba_curado,
7117,Imitation jewelry,Bisutería,manual_validated,cordoba_curado,
7118,Coin,Monedas,manual_validated,cordoba_curado,
7201,Pig iron,Fundición en bruto,manual_validated,cordoba_curado,
7202,Ferroalloys,Ferroaleaciones,manual_validated,cordoba_curado,
7203,Ferrous products from the reduction of iron ore,Hierro reducido directo,manual_validated,cordoba_curado,
7204,Ferrous waste and scrap,Desechos de hierro / acero,manual_validated,cordoba_curado,
7205,Powders of iron or steel,Granallas / polvos de hierro,manual_validated,cordoba_curado,
7206,Iron and nonalloy steel,Lingotes de acero al carbono,manual_validated,cordoba_curado,
7207,Semifinished products of iron or nonalloy steel,Semiproductos de acero al carbono,manual_validated,cordoba_curado,
7208,"Flat-rolled iron, width > 600mm, hot-rolled, not clad",Laminados planos en caliente (anchos),manual_validated,cordoba_curado,
7209,"Flat-rolled iron, width > 600mm, cold-rolled, not clad",Laminados planos en frío,manual_validated,cordoba_curado,
7210,"Flat rolled iron, width > 600mm, clad",Chapas laminadas (recubiertas),manual_validated,cordoba_curado,
7211,"Flat-rolled iron, width < 600mm, not clad",Laminados planos angostos,manual_validated,cordoba_curado,
7212,"Flat-rolled iron, width < 600mm, clad",Otros laminados planos angostos,manual_validated,cordoba_curado,
7213,Hot rolled bars of iron,Alambrón,manual_validated,cordoba_curado,
7214,"Other bars of iron, not further worked than forged",Barras / varillas forjadas,manual_validated,cordoba_curado,
7215,Other bars and rods of iron or nonalloy steel,Otras barras de hierro/acero,manual_validated,cordoba_curado,
7216,Angles of iron or nonalloy steel,Perfiles / hierros conformados,manual_validated,cordoba_curado,
7217,Wire of iron or nonalloy steel,Alambre de hierro / acero,manual_validated,cordoba_curado,
7218,Stainless steel in ingots,Acero inoxidable en lingotes,manual_validated,cordoba_curado,
7219,Flat-rolled products of stainless steel of a width > 600 mm,Inoxidable laminado plano (anchos),manual_validated,cordoba_curado,
7220,Flat-rolled products of stainless steel of a width < 600 mm,Inoxidable laminado plano (angostos),manual_validated,cordoba_curado,
7221,"Bars of stainless steel, hot-rolled",Alambrón de inoxidable,manual_validated,cordoba_curado,
7222,Other bars and rods of stainless steel,Barras de inoxidable,manual_validated,cordoba_curado,
7223,Wire of stainless steel,Alambre de inoxidable,manual_validated,cordoba_curado,
7224,Other alloy steel in primary form,Otros aceros aleados (lingotes),manual_validated,cordoba_curado,
7225,"Flat-rolled products of other alloy steel, width > 600 mm",Otros aceros aleados (planos anchos),manual_validated,cordoba_curado,
7226,"Flat-rolled products of other alloy steel, width < 600 mm",Otros aceros aleados (planos angostos),manual_validated,cordoba_curado,
7227,Bars of other alloy steel,Alambrón otros aceros,manual_validated,cordoba_curado,
7228,Other bars and rods of other alloy steel,Barras / perfiles otros aceros,manual_validated,cordoba_curado,
7229,Wire of other alloy steel,Alambre otros aceros aleados,manual_validated,cordoba_curado,
7301,Sheet piling of iron or steel,Tablestacas de hierro / acero,manual_validated,cordoba_curado,
7302,Railway construction material of iron or steel,Material para vías férreas,manual_validated,cordoba_curado,
7303,Tubes of cast iron,Tubos de fundición,manual_validated,cordoba_curado,
7304,"Tubes, seamless, of iron or steel",Tubos de acero sin soldadura,manual_validated,cordoba_curado,
7305,"Other tubes and pipes, diameter > 406.4 mm, of iron or steel",Tubos de acero soldados (anchos),manual_validated,cordoba_curado,
7306,"Other tubes, pipes and hollow profiles of iron or steel",Otros tubos / caños,manual_validated,cordoba_curado,
7307,Tube or pipe fittings of iron or steel,Accesorios de tubería,manual_validated,cordoba_curado,
7308,"Structures and their parts, of iron or steel",Estructuras de hierro/acero,manual_validated,cordoba_curado,
7309,"Tanks etc. > 300 liters, iron or steel",Tanques de acero,manual_validated,cordoba_curado,
7310,"Tanks etc. < 300 liters, iron or steel",Tanques / barriles de acero (< 300 L),manual_validated,cordoba_curado,
7311,Containers for compressed or liquified gas,Recipientes para gases comprimidos,manual_validated,cordoba_curado,
7312,"Wire of iron or steel, not insulated",Cables / trenzas de hierro / acero,manual_validated,cordoba_curado,
7313,Barbed wire of iron or steel,Alambre de púas,manual_validated,cordoba_curado,
7314,Cloth of iron or steel wire,Tela metálica / mallas,manual_validated,cordoba_curado,
7315,Chain of iron or steel,Cadenas de hierro / acero,manual_validated,cordoba_curado,
7316,Anchors of iron or steel,Anclas / arpeos,manual_validated,cordoba_curado,
7317,Nails and similar articles of iron or steel,"Clavos, tachuelas y grapas",manual_validated,cordoba_ajustado_ecu,
7318,Screws and similar articles of iron or steel,"Tornillos, tuercas, remaches y arandelas",manual_validated,revision_partida_general,renombrado a la cláusula general de la partida
7319,Articles for sewing of iron or steel,Agujas / alfileres,manual_validated,cordoba_curado,
7320,Springs of iron or steel,Resortes / ballestas,manual_validated,cordoba_curado,
7321,Stoves and similar non-electric appliances of iron or steel,Cocinas y estufas no eléctricas,manual_validated,revision_partida_general,renombrado a la cláusula general de la partida
7322,Radiators for central heating of iron or steel,Radiadores / generadores de aire caliente,manual_validated,cordoba_curado,
7323,Household articles of iron or steel,Artículos domésticos de hierro / acero,manual_validated,cordoba_curado,
7324,Sanitary ware and parts of iron or steel,Artículos sanitarios,manual_validated,cordoba_curado,
7325,Other cast articles of iron or steel,Otros artículos de fundición,manual_validated,cordoba_curado,
7326,Other articles of iron or steel,Otras manufacturas de hierro/acero,manual_validated,cordoba_curado,
7401,Copper mattes,Mate de cobre,manual_validated,cordoba_curado,
7402,Unrefined copper,Cobre sin refinar,manual_validated,cordoba_curado,
7403,Refined copper and copper alloys,Cobre refinado / aleaciones,manual_validated,cordoba_curado,
7404,Copper waste and scrap,Desechos de cobre,manual_validated,cordoba_curado,
7405,Master alloys of copper,Aleaciones madre de cobre,manual_validated,cordoba_curado,
7406,Copper powders and flakes,Polvo / escamas de cobre,manual_validated,cordoba_curado,
7407,"Copper bars, rods and profiles",Barras / perfiles de cobre,manual_validated,cordoba_curado,
7408,Copper wire,Alambre de cobre,manual_validated,cordoba_curado,
7409,"Copper plates, sheets and strip > 0.15 mm",Planchas / chapas de cobre,manual_validated,cordoba_curado,
7410,Copper foil < 0.15 mm thick,Hojas / tiras finas de cobre,manual_validated,cordoba_curado,
7411,Copper tubes and pipes,Tubos / caños de cobre,manual_validated,cordoba_curado,
7412,Copper tube or pipe fittings,Accesorios de tubería de cobre,manual_validated,cordoba_curado,
7413,"Copper wire, uninsulated",Cables de cobre,manual_validated,cordoba_curado,
7414,Endless bands of copper wire for machinery,"Telas, redes y bandas de alambre de cobre",manual_validated,manual_ecu,
7415,Screws and similar articles of copper,"Clavos, tornillos y pernos de cobre",manual_validated,revision_partida_general,renombrado a la cláusula general de la partida
7416,Copper springs,Resortes de cobre,manual_validated,cordoba_curado,
7417,Copper cooking products,Aparatos de cocción o calefacción de cobre,manual_validated,manual_ecu,
7418,Household articles of copper,Artículos de uso doméstico de cobre,manual_validated,cordoba_curado,
7419,Other articles of copper,Otras manufacturas de cobre,manual_validated,cordoba_curado,
7501,Nickel mattes,Mate de níquel,manual_validated,cordoba_curado,
7502,Nickel unwrought,Níquel sin alear,manual_validated,cordoba_curado,
7503,Nickel waste and scrap,Desechos de níquel,manual_validated,cordoba_curado,
7504,Nickel powders,Polvo de níquel,manual_validated,cordoba_curado,
7505,"Nickel bars, wire etc.",Barras de níquel,manual_validated,cordoba_curado,
7506,Nickel plates,Planchas de níquel,manual_validated,cordoba_curado,
7507,Nickel tubes and pipes,Tubos de níquel,manual_validated,cordoba_curado,
7508,Other articles of nickel,Otras manufacturas de níquel,manual_validated,cordoba_curado,
7601,Unwrought aluminum,Aluminio sin alear,manual_validated,cordoba_curado,
7602,"Waste or scrap, aluminium",Desechos de aluminio,manual_validated,cordoba_curado,
7603,Aluminum powders,Polvo / escamas de aluminio,manual_validated,cordoba_curado,
7604,Aluminum bars,Barras / perfiles de aluminio,manual_validated,cordoba_curado,
7605,Aluminum wire,Alambre de aluminio,manual_validated,cordoba_curado,
7606,Aluminum plates > 0.2 mm,Chapas / placas de aluminio,manual_validated,cordoba_curado,
7607,Aluminum foil < 0.2 mm,Hojas finas de aluminio,manual_validated,cordoba_curado,
7608,Aluminum tubes and pipes,Tubos de aluminio,manual_validated,cordoba_curado,
7609,Aluminum tube or pipe fittings,Accesorios de tubería de aluminio,manual_validated,cordoba_curado,
7610,"Aluminum structures (bridges, towers etc)",Estructuras de aluminio,manual_validated,cordoba_curado,
7611,"Aluminum containers, >300 liters",Tanques de aluminio (> 300 L),manual_validated,cordoba_curado,
7612,"Aluminum containers, <300 liters",Tanques pequeños de aluminio,manual_validated,cordoba_curado,
7613,Aluminum containers for compressed or liquefied gas,Recipientes para gas (aluminio),manual_validated,cordoba_curado,
7614,"Aluminum wire, not insulated",Cables de aluminio,manual_validated,cordoba_curado,
7615,Household articles of aluminum,Artículos domésticos de aluminio,manual_validated,cordoba_curado,
7616,Other articles of aluminum,Otras manufacturas de aluminio,manual_validated,cordoba_curado,
7801,Lead refined unwrought,Plomo sin alear,manual_validated,cordoba_curado,
7802,Lead waste or scrap,Desechos de plomo,manual_validated,cordoba_curado,
7803,"Lead bars, rods, profiles and wire",Barras / perfiles de plomo,manual_validated,cordoba_curado,
7804,Lead foil <2mm,Planchas de plomo,manual_validated,cordoba_curado,
7805,"Lead tubes, pipes and fittings","Tubos, caños y accesorios de plomo",pending_manual_validation,ecu_previo,
7806,Other articles of lead,Otras manufacturas de plomo,manual_validated,cordoba_curado,
7901,Unwrought zinc,Cinc sin alear,manual_validated,cordoba_curado,
7902,Zinc waste and scrap,Desechos de cinc,manual_validated,cordoba_curado,
7903,Zinc powders,Polvo de cinc,manual_validated,cordoba_curado,
7904,Zinx bars and wire,Barras / perfiles de cinc,manual_validated,cordoba_curado,
7905,Zinc plates and foil,Planchas de cinc,manual_validated,cordoba_curado,
7906,"Zinc tubes, pipes and tube or pipe fittings",Tubos y accesorios de cinc,manual_validated,manual_ecu,
7907,Other articles of zinc,Otras manufacturas de cinc,manual_validated,cordoba_curado,
8001,Unwrought tin,Estaño sin alear,manual_validated,cordoba_curado,
8002,Tin waste and scrap,Desechos de estaño,manual_validated,cordoba_curado,
8003,Tin bars and wire,Barras / perfiles de estaño,manual_validated,cordoba_curado,
8004,"Tin plates, sheets and strips, thickness > 0.2 mm","Chapas, hojas y tiras de estaño, espesor > 0,2 mm",manual_validated,manual_ecu,
8005,"Tin foil, thickness < 0.2 mm","Hojas de estaño de espesor < 0,2 mm",pending_manual_validation,ecu_previo,
8006,Tin pipes or tubes and pipe fittings,Tubos y accesorios de estaño,manual_validated,manual_ecu,
8007,Other articles of tin,Otras manufacturas de estaño,manual_validated,cordoba_curado,
8101,Tungsten (wolfram),Tungsteno,manual_validated,cordoba_curado,
8102,Molybdenum,Molibdeno,manual_validated,cordoba_curado,
8103,Tantalum,Tantalio,manual_validated,cordoba_curado,
8104,Magnesium,Magnesio,manual_validated,cordoba_curado,
8105,Cobalt,Cobalto,manual_validated,cordoba_curado,
8106,Bismuth,Bismuto,manual_validated,cordoba_curado,
8107,Cadmium,Cadmio,manual_validated,cordoba_curado,
8108,Titanium,Titanio,manual_validated,cordoba_curado,
8109,Zirconium,Circonio,manual_validated,cordoba_curado,
8110,Antimony,Antimonio,manual_validated,cordoba_curado,
8111,Manganese,Manganeso,manual_validated,cordoba_curado,
8112,Other metals,"Berilio, cromo, germanio y otros metales",manual_validated,revision_partida_general,renombrado a la cláusula general de la partida
8113,Cermets,Cermets,manual_validated,cordoba_curado,
8201,Handtools for gardening,Herramientas agrícolas / forestales,manual_validated,cordoba_curado,
8202,Handsaws,Sierras,manual_validated,cordoba_curado,
8203,"Pliers, pincers and other metal handtools",Limas / alicates / tijeras,manual_validated,cordoba_curado,
8204,Wrenches,Llaves de tuercas,manual_validated,cordoba_curado,
8205,Hand tools n.e.c.,Herramientas manuales,manual_validated,cordoba_curado,
8206,Retail tool sets,Surtidos de herramientas,manual_validated,cordoba_curado,
8207,Interchangeable tools for hand tools,Útiles intercambiables para máquinas-herramienta,manual_validated,cordoba_curado,
8208,Knives and blades for machines,Cuchillas para máquinas,manual_validated,cordoba_curado,
8209,"Articles for utensils, of cermet",Plaquitas para herramientas,manual_validated,cordoba_curado,
8210,"Hand-operated appliances, food preparation, <10kg",Aparatos manuales para preparar alimentos,manual_validated,revision_partida_general,renombrado a la cláusula general de la partida
8211,Knife sets,Cuchillos,manual_validated,cordoba_curado,
8212,Razors,Navajas / hojas de afeitar,manual_validated,cordoba_curado,
8213,Scissors,Tijeras,manual_validated,cordoba_curado,
8214,Other cutlery,Otros artículos de cuchillería,manual_validated,cordoba_curado,
8215,Cutlery,Cubertería,manual_validated,cordoba_curado,
8301,Padlocks and locks,Candados / cerraduras,manual_validated,cordoba_curado,
8302,"Base metal mountings, fittings and similar articles",Herrajes y guarniciones,manual_validated,cordoba_curado,
8303,Safes,Cajas fuertes,manual_validated,cordoba_curado,
8304,"Paper trays and similar office equipment, of base metal",Archivadores / soportes de oficina,manual_validated,cordoba_curado,
8305,"Paper clips and similar office articles, of metal",Herrajes para carpetas y clips de oficina,manual_validated,revision_partida_general,renombrado a la cláusula general de la partida
8306,"Ornaments, statuettes, etc. of metal",Estatuillas / objetos ornamentales (metal),manual_validated,cordoba_curado,
8307,Flexible tubing of base metal,Tubos flexibles de metal,manual_validated,cordoba_curado,
8308,"Clasps, buckles etc. of metal",Cierres / hebillas,manual_validated,cordoba_curado,
8309,"Stoppers, caps and lids of metal",Tapones / cápsulas,manual_validated,cordoba_curado,
8310,Sign plates and similar plates of base metal,Placas / chapas indicadoras,manual_validated,cordoba_curado,
8311,Wire etc. used for welding,Alambres / electrodos para soldadura,manual_validated,cordoba_curado,
8401,Nuclear reactors and related equipment,Reactores nucleares,manual_validated,cordoba_curado,
8402,Steam boilers,Calderas de vapor,manual_validated,cordoba_curado,
8403,Central heating boilers,Calderas para calefacción central,manual_validated,cordoba_curado,
8404,Auxiliary parts for use with boilers,Aparatos auxiliares para calderas,manual_validated,cordoba_curado,
8405,Water gas generators,Generadores de gas / acetileno,manual_validated,cordoba_curado,
8406,Steam turbines,Turbinas de vapor,manual_validated,cordoba_curado,
8407,Spark-ignition reciprocating internal combustion piston engines,Motores de explosión,manual_validated,cordoba_curado,
8408,Compression-ignition internal combustion piston engines,Motores diesel (combustión interna),manual_validated,cordoba_curado,
8409,Parts suitable for use with spark-ignition engines,Partes para motores,manual_validated,cordoba_curado,
8410,"Hydraulic turbines, water wheels and regulators",Turbinas hidráulicas,manual_validated,cordoba_curado,
8411,Gas turbines,Turborreactores / turbohélices,manual_validated,cordoba_curado,
8412,Other engines and motors,Otros motores / máquinas motrices,manual_validated,cordoba_curado,
8413,Pumps for liquids,Bombas para líquidos,manual_validated,cordoba_curado,
8414,"Pumps, compressors, fans, etc.",Bombas / compresores de aire,manual_validated,cordoba_curado,
8415,Air conditioners,Acondicionadores de aire,manual_validated,cordoba_curado,
8416,Furnace burners,Quemadores,manual_validated,cordoba_curado,
8417,Industrial furnaces,Hornos industriales,manual_validated,cordoba_curado,
8418,"Refrigerators, freezers",Refrigeradores y congeladores,manual_validated,revision_partida_general,renombrado a la cláusula general de la partida
8419,Equipment for temperature change of materials,Aparatos térmicos industriales,manual_validated,cordoba_curado,
8420,"Calendering or other rolling machines, other than for metals or glass",Calandrias / rodillos,manual_validated,cordoba_curado,
8421,Centrifuges,Centrifugadoras / filtros,manual_validated,cordoba_curado,
8422,Dish washing machines,Lavavajillas y máquinas de envasado,manual_validated,revision_partida_general,renombrado a la cláusula general de la partida
8423,Weighing machinery,Balanzas / básculas,manual_validated,cordoba_curado,
8424,Sprays and powder dispersers,Pulverizadores y extintores,manual_validated,revision_partida_general,renombrado a la cláusula general de la partida
8425,Pulleys and winches,Aparejos / cabrestantes,manual_validated,cordoba_curado,
8426,Ships' derricks; cranes,Grúas / camiones grúa,manual_validated,cordoba_curado,
8427,Fork-lift trucks,Autoelevadores / montacargas,manual_validated,cordoba_curado,
8428,Other lifting machinery,Otras máquinas elevadoras,manual_validated,cordoba_curado,
8429,"Self-propelled bulldozers, excavators and road rollers","Excavadoras, niveladoras y palas mecánicas",manual_validated,revision_partida_general,renombrado a la cláusula general de la partida
8430,"Other moving, excavating or boring machinery",Otras máquinas para mover tierra,manual_validated,cordoba_curado,
8431,Parts for use with hoists and excavation machinery,Partes para máquinas elevadoras,manual_validated,cordoba_curado,
8432,Machinery for soil preparation or cultivation,Sembradoras / arados,manual_validated,cordoba_curado,
8433,Harvesting or agricultural machinery,Máquinas de cosecha y trilla,manual_validated,revision_partida_general,renombrado a la cláusula general de la partida
8434,Dairy machinery,Máquinas ordeñadoras,manual_validated,cordoba_curado,
8435,Machines for wine and juice production,Prensas para vino / aceite,manual_validated,cordoba_curado,
8436,Other agricultural machinery,Otras máquinas agrícolas y forestales,manual_validated,revision_partida_general,renombrado a la cláusula general de la partida
8437,Machinery for processing grain,Máquinas para granos / molinería,manual_validated,cordoba_curado,
8438,Machinery for the industrial preparation of food or drink,Máquinas para la industria alimentaria,manual_validated,revision_partida_general,renombrado a la cláusula general de la partida
8439,Machinery for making paper,Máquinas para pasta y papel,manual_validated,revision_partida_general,renombrado a la cláusula general de la partida
8440,Bookbinding machinery,Máquinas para encuadernación,manual_validated,cordoba_curado,
8441,Other machinery for making paper,Otras máquinas para papel,manual_validated,cordoba_curado,
8442,Machinery for making printing components,Máquinas para impresión / cliché,manual_validated,cordoba_curado,
8443,Printers and copiers,Máquinas de imprimir e impresoras,manual_validated,revision_partida_general,renombrado a la cláusula general de la partida
8444,"Machines to extrude, cut manmade textile fibres",Máquinas textiles (preparación),manual_validated,cordoba_curado,
8445,Machines for preparing textile fibers,Máquinas textiles (hilatura),manual_validated,cordoba_curado,
8446,Looms,Telares,manual_validated,cordoba_curado,
8447,Knitting machines,Máquinas de tricotar,manual_validated,cordoba_curado,
8448,Auxiliary machinery for use with knitting and textile machines,Máquinas auxiliares y partes textiles,manual_validated,revision_partida_general,renombrado a la cláusula general de la partida
8449,Machinery to manufacture felt,Máquinas para fieltro / tela no tejida,manual_validated,cordoba_curado,
8450,Household- or laundry-type washing machines,Lavadoras,manual_validated,cordoba_ajustado_ecu,
8451,Machinery for processing fabrics,Máquinas para lavado / tintura,manual_validated,cordoba_curado,
8452,Sewing machines,Máquinas de coser,manual_validated,cordoba_curado,
8453,Machinery for preparing leather,Máquinas para cueros / calzado,manual_validated,cordoba_curado,
8454,Machines used in metallurgy,Convertidores / cucharas para metalurgia,manual_validated,cordoba_curado,
8455,Metal-rolling mills,Trenes de laminación,manual_validated,cordoba_curado,
8456,Machines for working materials by laser and similar means,Máquinas-herramienta por láser o electroerosión,manual_validated,revision_partida_general,renombrado a la cláusula general de la partida
8457,Machining centers for working metal,Centros de mecanizado,manual_validated,cordoba_curado,
8458,Lathes for removing metal,Tornos,manual_validated,cordoba_curado,
8459,Machine tools for drilling by removing metal,Taladradoras y fresadoras,manual_validated,revision_partida_general,renombrado a la cláusula general de la partida
8460,Machines with grinding stones for finishing metal,Rectificadoras,manual_validated,cordoba_curado,
8461,Other machine tools for planing and cutting metals,Cepilladoras / mortajadoras,manual_validated,cordoba_curado,
8462,Machine tools for molding and forging metals,"Prensas de forja, estampado y curvado",manual_validated,revision_partida_general,renombrado a la cláusula general de la partida
8463,"Other machine tools for working metal, without removal",Otras máquinas de conformación,manual_validated,cordoba_curado,
8464,Machine tools for working stone,Máquinas-herramienta (piedra / vidrio),manual_validated,cordoba_curado,
8465,Machine tools for working wood,Máquinas-herramienta para madera,manual_validated,cordoba_curado,
8466,Parts and accessories for metal working machines,Accesorios / partes máquinas-herramienta,manual_validated,cordoba_curado,
8467,"Tools for hand working, pneumatic, hydraulic motors",Herramientas neumáticas,manual_validated,cordoba_curado,
8468,Machinery for soldering,Máquinas para soldar,manual_validated,cordoba_curado,
8469,Word processing machines,Máquinas de escribir,manual_validated,cordoba_curado,
8470,"Cash registers, calculators, etc.",Calculadoras / cajas registradoras,manual_validated,cordoba_curado,
8471,Computers,Computadoras / equipos de cómputo,manual_validated,cordoba_curado,
8472,Other office machines,Otras máquinas de oficina,manual_validated,cordoba_curado,
8473,Parts and accessories for office machines,Partes de máquinas de oficina y cómputo,manual_validated,revision_partida_general,renombrado a la cláusula general de la partida
8474,Machinery for working minerals,Mezcladoras / molinos de minerales,manual_validated,cordoba_curado,
8475,Machines for assembling electric lamps,Máquinas para vidrio / lámparas,manual_validated,cordoba_curado,
8476,Automatic goods-vending machines,Máquinas expendedoras,manual_validated,cordoba_curado,
8477,Machinery for working rubber or plastics,Máquinas para caucho / plástico,manual_validated,cordoba_curado,
8478,Machinery for preparing tobacco,Máquinas para tabaco,manual_validated,cordoba_curado,
8479,Machines n.e.c.,Otras máquinas mecánicas n.c.p.,manual_validated,cordoba_curado,
8480,Molding boxes for metal foundry,Moldes industriales,manual_validated,cordoba_curado,
8481,Appliances for thermostatically controlled valves,Grifería / válvulas,manual_validated,cordoba_curado,
8482,Ball or roller bearings,Rodamientos,manual_validated,cordoba_curado,
8483,Transmission shafts,Árboles de transmisión / poleas,manual_validated,cordoba_curado,
8484,Gaskets and similar joints of metal sheeting,Juntas / empaquetaduras,manual_validated,cordoba_curado,
8485,"Machinery parts, not containing electrical features, n.e.c.",Partes de máquinas sin conexiones eléctricas,manual_validated,revision_partida_general,renombrado a la cláusula general de la partida
8501,Electric motors and generators,Motores eléctricos / generadores,manual_validated,cordoba_curado,
8502,Electric generating sets and rotary converters,Grupos electrógenos,manual_validated,cordoba_curado,
8503,Parts for use with electric generators,Partes para motores / generadores eléctricos,manual_validated,cordoba_curado,
8504,Electrical transformers,Transformadores eléctricos,manual_validated,cordoba_curado,
8505,Electromagnets,Electroimanes,manual_validated,cordoba_curado,
8506,Primary cells and primary batteries,Pilas / baterías primarias,manual_validated,cordoba_curado,
8507,Batteries,Acumuladores eléctricos,manual_validated,cordoba_curado,
8508,Vacuum cleaners,Aspiradoras,manual_validated,cordoba_curado,
8509,Electromechanical domestic appliances,Electrodomésticos pequeños,manual_validated,cordoba_curado,
8510,Electric shavers and hair clippers,Afeitadoras / cortadoras de pelo,manual_validated,cordoba_curado,
8511,Electrical ignition equipment,Equipos eléctricos de encendido / arranque,manual_validated,cordoba_curado,
8512,Electrical lighting equipment used for motor vehicles,Equipos eléctricos de iluminación / señalización,manual_validated,cordoba_curado,
8513,Portable electric lamps,Linternas portátiles,manual_validated,cordoba_curado,
8514,Industrial electric furnaces,Hornos eléctricos industriales,manual_validated,cordoba_curado,
8515,Electric soldering machines,Máquinas de soldadura eléctrica y láser,manual_validated,revision_partida_general,renombrado a la cláusula general de la partida
8516,Electric heaters,Aparatos electrotérmicos domésticos,manual_validated,revision_partida_general,renombrado a la cláusula general de la partida
8517,Telephones,Teléfonos / equipos de telecomunicaciones,manual_validated,cordoba_curado,
8518,Microphones,Micrófonos / altavoces,manual_validated,cordoba_curado,
8519,Sound reproducing apparatus,Aparatos de grabación / reproducción sonora,manual_validated,cordoba_curado,
8520,Magnetic tape recorders,Magnetofones,manual_validated,cordoba_curado,
8521,Video recording apparatus,Videograbadoras / reproductoras,manual_validated,cordoba_curado,
8522,Parts and accessories for video or sound equipment,Partes de aparatos de audio / video,manual_validated,cordoba_curado,
8523,Sound storage media,Soportes para grabar,manual_validated,cordoba_curado,
8524,"Tapes, cassettes, records and compact disks",Cintas / cassettes / discos compactos,manual_validated,cordoba_curado,
8525,"Transmission apparatus for radio, telephone and TV",Cámaras / transmisores,manual_validated,cordoba_curado,
8526,Radar,Radar / radio-navegación,manual_validated,cordoba_curado,
8527,Reception apparatus for radio broadcasting,Receptores de radio,manual_validated,cordoba_curado,
8528,Monitors and projectors,Monitores / televisores,manual_validated,cordoba_curado,
8529,"Parts of radios, telephones, and T.V.s",Partes para aparatos de transmisión,manual_validated,cordoba_curado,
8530,Electric signal and traffic controls,Señalización / tráfico,manual_validated,cordoba_curado,
8531,Electric sound or visual signaling apparatus,Aparatos de señalización acústica / visual,manual_validated,cordoba_curado,
8532,Electrical capacitors,Condensadores eléctricos,manual_validated,cordoba_curado,
8533,Electrical resistors,Resistencias eléctricas,manual_validated,cordoba_curado,
8534,Electronic printed circuits,Circuitos impresos,manual_validated,cordoba_curado,
8535,Electrical apparatus for > 1k volts,Aparatos de conmutación de alta tensión,manual_validated,revision_partida_general,renombrado a la cláusula general de la partida
8536,Electrical apparatus for < 1k volts,Aparatos de conmutación de baja tensión,manual_validated,revision_partida_general,renombrado a la cláusula general de la partida
8537,Electrical boards,Tableros eléctricos,manual_validated,cordoba_curado,
8538,Parts for electrical apparatus,Partes para aparatos eléctricos,manual_validated,cordoba_curado,
8539,Electrical filament,Lámparas y tubos eléctricos,manual_validated,cordoba_curado,
8540,"Thermionic, cold cathode or photocathode tubes",Tubos electrónicos y de rayos catódicos,manual_validated,revision_partida_general,renombrado a la cláusula general de la partida
8541,Semiconductor devices,Diodos / transistores / semiconductores,manual_validated,cordoba_curado,
8542,Electronic integrated circuits,Circuitos integrados,manual_validated,cordoba_curado,
8543,Electrical machines with individual functions n.e.c.,Otras máquinas eléctricas n.c.p.,manual_validated,cordoba_curado,
8544,Insulated electrical wire,Conductores eléctricos / cables,manual_validated,cordoba_curado,
8545,Carbon articles for eletrical purposes,Electrodos de carbón / grafito,manual_validated,cordoba_curado,
8546,Electrical insulators of any material,Aisladores eléctricos,manual_validated,cordoba_curado,
8547,Insulating fittings for electrical machines,Piezas aislantes / tubos conductores,manual_validated,cordoba_curado,
8548,Waste and scrap of batteries,Desechos eléctricos / pilas usadas,manual_validated,cordoba_curado,
8601,Electric trains,Locomotoras eléctricas,manual_validated,cordoba_curado,
8602,Other rail locomotives,Otras locomotoras,manual_validated,cordoba_curado,
8603,Self-propelled railway coaches,Automotores ferroviarios,manual_validated,cordoba_curado,
8604,Railway service vehicles,Vehículos auxiliares ferroviarios,manual_validated,cordoba_curado,
8605,"Railway coaches, not self-propelled",Vagones de pasajeros,manual_validated,cordoba_curado,
8606,"Railway cars, not self-propelled",Vagones de carga,manual_validated,cordoba_curado,
8607,Parts of railway locomotives,Partes de locomotoras y vagones,manual_validated,cordoba_curado,
8608,Railway track fixtures,Material fijo de vías férreas,manual_validated,cordoba_curado,
8609,Containers for multimodal transportation,Contenedores,manual_validated,cordoba_curado,
8701,Tractors,Tractores,manual_validated,cordoba_curado,
8702,Buses,Vehículos para transporte ≥10 personas,manual_validated,cordoba_curado,
8703,Cars,Automóviles,manual_validated,cordoba_curado,
8704,Motor vehicles for transporting goods,Camiones / pickups,manual_validated,cordoba_curado,
8705,Special purpose motor vehicles,Vehículos para usos especiales,manual_validated,cordoba_curado,
8706,Vehicle chassis fitted with engines,Chasis con motor,manual_validated,cordoba_curado,
8707,Vehicle Bodies,Carrocerías para vehículos,manual_validated,cordoba_curado,
8708,Parts of motor vehicles,Autopartes,manual_validated,cordoba_curado,
8709,Work trucks,Carretillas autopropulsadas,manual_validated,cordoba_curado,
8710,Tanks and other armored fighting vehicles,Tanques de guerra,manual_validated,cordoba_curado,
8711,Motorcycles,Motocicletas,manual_validated,cordoba_curado,
8712,Bicycles,Bicicletas,manual_validated,cordoba_curado,
8713,Wheelchairs,Sillas de ruedas,manual_validated,cordoba_curado,
8714,Parts of motorcycles or wheelchairs,Partes de motos / bicicletas,manual_validated,cordoba_curado,
8715,Baby carriages,Coches de bebé,manual_validated,cordoba_curado,
8716,Trailers and semi-trailers,Remolques / semirremolques,manual_validated,cordoba_curado,
8801,"Gliders, hang gliders",Globos / dirigibles,manual_validated,cordoba_curado,
8802,Other aircraft and spacecraft,Aeronaves (aviones / helicópteros),manual_validated,cordoba_curado,
8803,Parts of other aircraft,Partes de aeronaves,manual_validated,cordoba_curado,
8804,Parachutes,Paracaídas,manual_validated,cordoba_curado,
8805,Aircraft launching gear,Equipos de despegue de aeronaves,manual_validated,cordoba_curado,
8901,Cargo ships and similar vessels,Buques / barcos,manual_validated,cordoba_curado,
8902,Fishing vessels,Barcos pesqueros,manual_validated,cordoba_curado,
8903,Pleasure or sport boats,Yates y otras embarcaciones de recreo,manual_validated,cordoba_curado,
8904,Tugs and pusher craft,Remolcadores,manual_validated,cordoba_curado,
8905,"Special function vessels, n.e.c.","Barcos faro, dragas y diques flotantes",manual_validated,revision_partida_general,renombrado a la cláusula general de la partida
8906,Other vessels,Otros barcos,manual_validated,cordoba_curado,
8907,Other floating structures,Estructuras flotantes,manual_validated,cordoba_curado,
8908,Floating structures for scrapping,Embarcaciones para desguace,manual_validated,cordoba_curado,
9001,Optical fibers,Fibras ópticas / lentes (sin montar),manual_validated,cordoba_curado,
9002,Lenses and other optical elements,Lentes / prismas (montados),manual_validated,cordoba_curado,
9003,"Frames for spectacles, goggles",Monturas para gafas,manual_validated,cordoba_curado,
9004,Glasses,Gafas / anteojos,manual_validated,cordoba_curado,
9005,Binoculars and telescopes,Binoculares y telescopios,manual_validated,revision_partida_general,renombrado a la cláusula general de la partida
9006,Photographic cameras,Cámaras fotográficas,manual_validated,cordoba_curado,
9007,Cinematographic cameras and projectors,Cámaras / proyectores cinematográficos,manual_validated,cordoba_curado,
9008,Still image projectors,Proyectores de imagen fija,manual_validated,cordoba_curado,
9009,Electrostatic photo-copyers,Fotocopiadoras,manual_validated,cordoba_curado,
9010,"Apparatus and equipment for photographic laboratories, n.e.c.",Equipos para laboratorio fotográfico,manual_validated,cordoba_curado,
9011,Optical microscopes,Microscopios ópticos,manual_validated,cordoba_curado,
9012,"Microscopes, other than optical",Otros microscopios,manual_validated,cordoba_curado,
9013,Liquid crystal devices,Dispositivos de cristal líquido y láseres,manual_validated,revision_partida_general,renombrado a la cláusula general de la partida
9014,Navigational instruments,Brújulas / aparatos de navegación,manual_validated,cordoba_curado,
9015,Surveying instruments,Instrumentos de geodesia / topografía,manual_validated,cordoba_curado,
9016,Balances of a sensitivity < 50 milligram,Balanzas de precisión,manual_validated,cordoba_curado,
9017,Drafting tables and machines,Instrumentos de dibujo,manual_validated,cordoba_curado,
9018,Medical instruments,Instrumentos médicos,manual_validated,cordoba_curado,
9019,Therapy applicances,Aparatos mecanoterapia / ozonoterapia,manual_validated,cordoba_curado,
9020,Other breathing appliances and gas masks,Aparatos respiratorios y máscaras antigás,manual_validated,revision_partida_general,renombrado a la cláusula general de la partida
9021,Orthopedic appliances,Aparatos de ortopedia y prótesis,manual_validated,revision_partida_general,renombrado a la cláusula general de la partida
9022,X-ray machines,Aparatos de rayos X,manual_validated,cordoba_curado,
9023,Instruments designed for demonstrational purposes,Instrumentos / aparatos para demostración,manual_validated,cordoba_curado,
9024,Machines for testing the mechanical properties of materials,Máquinas de ensayo / pruebas,manual_validated,cordoba_curado,
9025,"Thermometers, hydrometers etc.",Densímetros / termómetros,manual_validated,cordoba_curado,
9026,Instruments for measuring properties of liquids or gases,Caudalímetros / medidores,manual_validated,cordoba_curado,
9027,Instruments for physical or chemical analysis,Instrumentos de análisis físico o químico,manual_validated,revision_partida_general,renombrado a la cláusula general de la partida
9028,"Gas, liquid or electricity meters",Contadores de gas / agua / electricidad,manual_validated,cordoba_curado,
9029,Meters,Otros contadores,manual_validated,cordoba_curado,
9030,Instruments for measuring electricity,Osciloscopios / instrumentos eléctricos,manual_validated,cordoba_curado,
9031,Measuring instruments,Instrumentos de medida n.c.p.,manual_validated,cordoba_curado,
9032,Automatic regulating instruments,Instrumentos reguladores automáticos,manual_validated,cordoba_curado,
9033,Other parts for machines and appliances,Partes de instrumentos del cap. 90,manual_validated,cordoba_curado,
9101,Watches with precious metal,Relojes de pulsera / pared con metales preciosos,manual_validated,cordoba_curado,
9102,Watches,Otros relojes de pulsera,manual_validated,cordoba_curado,
9103,Clocks with watch movements,Otros relojes con movimiento de pequeño tamaño,manual_validated,cordoba_curado,
9104,Instrument panel clocks for vehicles,Relojes para tableros,manual_validated,cordoba_curado,
9105,Other clocks,Otros relojes,manual_validated,cordoba_curado,
9106,Apparatus for measuring intervals of time,Aparatos de control de tiempo,manual_validated,cordoba_curado,
9107,Time switches,Interruptores horarios,manual_validated,cordoba_curado,
9108,"Watch movements, complete",Pequeños mecanismos para relojes,manual_validated,cordoba_curado,
9109,"Clock movements, complete",Mecanismos relojeros,manual_validated,cordoba_curado,
9110,"Clock movements, complete, unassembled",Mecanismos relojeros (movimientos),manual_validated,cordoba_curado,
9111,Watch cases and parts,Cajas para relojes de pulsera,manual_validated,cordoba_curado,
9112,Clock cases,Cajas para otros relojes,manual_validated,cordoba_curado,
9113,Watch straps,Pulseras para relojes,manual_validated,cordoba_curado,
9114,Other clock or watch parts,Otras partes de reloj,manual_validated,cordoba_curado,
9201,Pianos,Pianos,manual_validated,cordoba_curado,
9202,"Musical instruments, string",Otros instrumentos de cuerda,manual_validated,cordoba_curado,
9203,"Harmoniums, pipe organs, etc",Órganos / armonios,manual_validated,cordoba_curado,
9204,Accordions and similar instruments,Acordeones / instrumentos similares,manual_validated,cordoba_curado,
9205,"Musical instruments, wind",Instrumentos de viento,manual_validated,cordoba_curado,
9206,"Musical instruments, percussion",Instrumentos de percusión,manual_validated,cordoba_curado,
9207,"Musical instruments, electric",Instrumentos musicales eléctricos / electrónicos,manual_validated,cordoba_curado,
9208,"Other musical instruments, n.e.c.",Cajas de música,manual_validated,cordoba_curado,
9209,Parts of musical instruments,Partes de instrumentos musicales,manual_validated,cordoba_curado,
9301,"Military weapons, other than pistols and swords",Armas de guerra,manual_validated,cordoba_curado,
9302,Revolvers and pistols,Revólveres / pistolas,manual_validated,cordoba_curado,
9303,Other firearms,Otras armas (escopetas),manual_validated,cordoba_curado,
9304,"Other arms (air guns, truncheons, etc.)",Otras armas (no de fuego),manual_validated,cordoba_curado,
9305,Parts of military weapons,Partes / accesorios de armas,manual_validated,cordoba_curado,
9306,Munitions of war,Municiones,manual_validated,cordoba_curado,
9307,Swords,Sables / lanzas / armas blancas,manual_validated,cordoba_curado,
9401,Seats,Asientos,manual_validated,cordoba_curado,
9402,"Medical, dental or veterinary furniture",Mobiliario médico-quirúrgico,manual_validated,cordoba_curado,
9403,Other furniture and parts,Muebles (otros),manual_validated,cordoba_curado,
9404,Mattresses and bedding,Somieres / colchones,manual_validated,cordoba_curado,
9405,Lamps,Lámparas y luminarias,manual_validated,cordoba_curado,
9406,Prefabricated buildings,Construcciones prefabricadas,manual_validated,cordoba_curado,
9501,"Rideable wheeled toys, dolls carriages",Juguetes con ruedas,manual_validated,cordoba_curado,
9502,Dolls,Muñecos / muñecas,manual_validated,cordoba_curado,
9503,Toys,Juguetes (resto),manual_validated,cordoba_curado,
9504,Games,Artículos para juegos de sociedad,manual_validated,cordoba_curado,
9505,Christmas and other festivity articles,Artículos festivos / Navidad,manual_validated,cordoba_curado,
9506,Sports equipment,Artículos deportivos,manual_validated,cordoba_curado,
9507,Fishing and hunting equipment,Cañas de pescar / artículos de pesca,manual_validated,cordoba_curado,
9508,Fairground amusements,Carruseles / atracciones,manual_validated,cordoba_curado,
9601,Worked animal carving material,Marfil / hueso / madreperla trabajado,manual_validated,cordoba_curado,
9602,Worked vegetable or mineral carving material,Materias vegetales o minerales talladas,manual_validated,revision_partida_general,renombrado a la cláusula general de la partida
9603,Brooms and mops,Escobas / cepillos,manual_validated,cordoba_curado,
9604,Hand sieves and riddles,Tamices / cribas a mano,manual_validated,cordoba_curado,
9605,Travel sets,Surtidos de viaje (aseo / costura),manual_validated,cordoba_curado,
9606,Buttons,Botones / cierres a presión,manual_validated,cordoba_curado,
9607,Slide fasteners,Cierres de cremallera,manual_validated,cordoba_curado,
9608,Pens,"Bolígrafos, rotuladores y plumas",manual_validated,revision_partida_general,renombrado a la cláusula general de la partida
9609,"Pencils, crayons, pastels, etc.",Lápices,manual_validated,cordoba_curado,
9610,"Slates and boards, with writing or drawing surfaces",Pizarras / tableros,manual_validated,cordoba_curado,
9611,Hand-operated stamps,Sellos manuales,manual_validated,cordoba_curado,
9612,Typewriter ribbons and ink pads,Cintas para máquinas de escribir / tampones,manual_validated,cordoba_curado,
9613,Cigarette lighters,Encendedores,manual_validated,cordoba_curado,
9614,Smoking pipes,Pipas,manual_validated,cordoba_curado,
9615,"Combs, hair-slides etc.",Peines / horquillas / pinzas para cabello,manual_validated,cordoba_curado,
9616,Scent sprays,Pulverizadores cosméticos,manual_validated,cordoba_curado,
9617,Vacuum vessels,Termos / recipientes isotérmicos,manual_validated,cordoba_curado,
9618,Mannequins,Maniquíes / autómatas para escaparates,manual_validated,cordoba_curado,
9701,Paintings and drawings,Pinturas / dibujos / pasteles,manual_validated,cordoba_curado,
9702,Original engravings,Grabados / estampas,manual_validated,cordoba_curado,
9703,Sculptures,Obras originales de escultura,manual_validated,cordoba_curado,
9704,Postage or revenue stamps,Sellos de correo,manual_validated,cordoba_curado,
9705,Collectors pieces,Colecciones zoológicas / arqueológicas,manual_validated,cordoba_curado,
9706,Antiques >100 years,Antigüedades > 100 años,manual_validated,cordoba_curado,
